fichier,Ca_mm,Cg_mm,freq_MHz_reelle,|S_gen|_mes_dB,|S_gen|_mod_dB,ecart_gen_dB,|S_ant|_mes_dB,|S_ant|_mod_dB,ecart_ant_dB,Gamma2_G_mesure
CA_10p00_CG10p00.s2p,10.0,10.0,37.9,-0.019020377958823265,-3.476055583945326e-08,-0.019020343198267425,-0.0148052924911652,-3.4760560661090615e-08,-0.01480525773060454,0.995629972604445
CA_10p00_CG15p00.s2p,10.0,15.0,37.9,-0.019785622249777066,-7.849530284886425e-06,-0.01977777271949218,-0.01436830404157332,-7.84953028777941e-06,-0.01436045451128554,0.9954545540662884
CA_10p00_CG20p00.s2p,10.0,20.0,37.9,-0.02209302102530159,-8.871470540278704e-05,-0.022004306319898803,-0.015536559232917708,-8.871470540375138e-05,-0.015447844527513957,0.9949258113236026
CA_10p00_CG25p00.s2p,10.0,25.0,37.9,-0.03821309873638157,-0.0016004365989669219,-0.036612662137414646,-0.01821543190308885,-0.0016004365989023,-0.01661499530418655,0.9912397058055621
CA_10p00_CG30p00.s2p,10.0,30.0,37.9,-0.08653562690378398,-0.00070410719671882,-0.08583151970706517,-0.02704432916344183,-0.000704107196723642,-0.026340221966718185,0.9802716376475368
CA_10p00_CG35p00.s2p,10.0,35.0,37.9,-0.14718521663638381,-0.00025130142260371336,-0.1469339152137801,-0.040408339699917806,-0.00025130142261142816,-0.04015703827730638,0.9666772063894662
CA_10p00_CG40p00.s2p,10.0,40.0,37.9,-0.06233092079129664,-0.000151909409041028,-0.06217901138225561,-0.02651303086024383,-0.00015190940904584972,-0.02636112145119798,0.98575027731097
CA_10p00_CG45p00.s2p,10.0,45.0,37.9,-0.032882997598838164,-0.0001124610687669898,-0.03277053653007118,-0.021604946349058206,-0.00011246106877084718,-0.021492485280287358,0.992457002270709
CA_10p00_CG48p00.s2p,10.0,48.0,37.9,-0.02880345699587246,-9.883077058134002e-05,-0.02870462622529112,-0.02049235557657184,-9.883077058326869e-05,-0.02039352480598857,0.9933897036991342
CA_15p00_CG10p00.s2p,15.0,10.0,37.9,-0.019401570709978923,-7.849530285850752e-06,-0.019393721179693072,-0.018096868058745764,-7.849530285850752e-06,-0.018089018528459913,0.995542587134768
CA_15p00_CG15p00.s2p,15.0,15.0,37.9,-0.022286822401516946,-0.0018723725271927068,-0.02041444987432424,-0.017152611507704328,-0.0018723725271927068,-0.015280238980511621,0.9948814143309237
CA_15p00_CG20p00.s2p,15.0,20.0,37.9,-0.02983164194979307,-0.024380492201781102,-0.005451149748011967,-0.022473683733314327,-0.02438049220178207,0.0019068084684677432,0.9931545481784393
CA_15p00_CG25p00.s2p,15.0,25.0,37.9,-0.058666609107296395,-0.5182315672634225,0.4595649581561261,-0.03578270205791616,-0.5182315672633662,0.48244886520545,0.986582344185186
CA_15p00_CG30p00.s2p,15.0,30.0,37.9,-0.17709130901454528,-0.10311725271503583,-0.07397405629950946,-0.10602528942950468,-0.10311725271503973,-0.0029080367144649483,0.9600434061300867
CA_15p00_CG35p00.s2p,15.0,35.0,37.9,-0.3025309323549429,-0.04228788494493471,-0.26024304741000814,-0.19544691038870954,-0.042287884944937626,-0.1531590254437719,0.9327105878357449
CA_15p00_CG40p00.s2p,15.0,40.0,37.9,-0.12828150351048093,-0.02706206343845801,-0.10121944007202291,-0.09500655205496152,-0.027062063438458975,-0.06794448861650254,0.9708940725153647
CA_15p00_CG45p00.s2p,15.0,45.0,37.9,-0.06757712238493793,-0.02063534480792158,-0.046941777577016355,-0.05771943079518362,-0.02063534480792448,-0.03708408598725914,0.9845602270936703
CA_15p00_CG48p00.s2p,15.0,48.0,37.9,-0.05387404650660317,-0.018347495087696352,-0.035526551418906815,-0.04694430662731938,-0.018347495087698288,-0.028596811539621094,0.9876716666807299
CA_20p00_CG10p00.s2p,20.0,10.0,37.9,-0.02107295425111861,-8.871470540278704e-05,-0.02098423954571582,-0.021434866752080877,-8.871470539796535e-05,-0.02134615204668291,0.9951595260040388
CA_20p00_CG15p00.s2p,20.0,15.0,37.9,-0.025163828429272193,-0.02438049220178884,-0.0007833362274833541,-0.02376115611222792,-0.02438049220178207,0.0006193360895541504,0.9942225682970652
CA_20p00_CG20p00.s2p,20.0,20.0,37.9,-0.042856616935233904,-0.48843980520157504,0.44558318826634113,-0.040476892467981196,-0.48843980520157093,0.44796291273358974,0.9901804292129057
CA_20p00_CG25p00.s2p,20.0,25.0,37.9,-0.11297994758866384,-2.830387598773034,2.71740765118437,-0.09249106285319189,-2.8303875987730374,2.7378965359198455,0.9743208699617443
CA_20p00_CG30p00.s2p,20.0,30.0,37.9,-0.46373087948090413,-0.5039629832116334,0.04023210373072922,-0.38777546941175023,-0.5039629832116386,0.11618751379988834,0.8987251848857909
CA_20p00_CG35p00.s2p,20.0,35.0,37.9,-0.8171724295515569,-0.2634838262807578,-0.553688603270799,-0.6980916108542891,-0.2634838262807617,-0.43460778457352733,0.8284813893205767
CA_20p00_CG40p00.s2p,20.0,40.0,37.9,-0.32580838314543253,-0.18645282103081126,-0.13935556211462127,-0.2939249116106081,-0.18645282103081323,-0.10747209057979484,0.9277247900547119
CA_20p00_CG45p00.s2p,20.0,45.0,37.9,-0.17906899114273855,-0.15006182009227503,-0.02900717105046352,-0.16744290085787455,-0.15006182009227503,-0.01738108076559952,0.9596063228773586
CA_20p00_CG48p00.s2p,20.0,48.0,37.9,-0.13869883695184393,-0.13636429072964962,-0.0023345462221943114,-0.129404749332161,-0.1363642907296516,0.006959541397490582,0.968567999510089
CA_25p00_CG10p00.s2p,25.0,10.0,37.9,-0.024219693514004343,-0.0016004365989013354,-0.022619256915103008,-0.03097621267174166,-0.0016004365989341284,-0.02937577607280753,0.9944387309053945
CA_25p00_CG15p00.s2p,25.0,15.0,37.9,-0.041125427441104756,-0.5182315672633702,0.4771061398222654,-0.045899162174732666,-0.5182315672633713,0.4723324050886386,0.9905752147166006
CA_25p00_CG20p00.s2p,25.0,20.0,37.9,-0.10297919312805617,-2.8303875987730414,2.727408405644985,-0.10904740870144995,-2.8303875987730214,2.7213401900715715,0.976567081181443
CA_25p00_CG25p00.s2p,25.0,25.0,37.9,-0.3870802930796102,-2.045044904080868,1.6579646110012576,-0.37752712730463295,-2.0450449040808762,1.6675177767762432,0.9147279948732328
CA_25p00_CG30p00.s2p,25.0,30.0,37.9,-2.0584250400945256,-1.4283138649732199,-0.6301111751213058,-1.9593202259059304,-1.428313864973221,-0.5310063609327094,0.6225260019986125
CA_25p00_CG35p00.s2p,25.0,35.0,37.9,-2.1762322453763256,-1.1431078750503967,-1.033124370325929,-2.063902933190291,-1.1431078750504033,-0.9207950581398876,0.605866270680683
CA_25p00_CG40p00.s2p,25.0,40.0,37.9,-0.8566867400331484,-0.9881915027714447,0.13150476273829637,-0.827356914935655,-0.9881915027714511,0.16083458783579607,0.8209776344856269
CA_25p00_CG45p00.s2p,25.0,45.0,37.9,-0.4785663184933209,-0.8926398007539569,0.414073482260636,-0.47001180415311616,-0.8926398007539654,0.42262799660084927,0.8956603898007529
CA_25p00_CG48p00.s2p,25.0,48.0,37.9,-0.3821753958175301,-0.8513228257071392,0.46914742988960917,-0.3772419083831092,-0.8513228257071468,0.47408091732403757,0.9157616670877085
CA_30p00_CG10p00.s2p,30.0,10.0,37.9,-0.03075596338808772,-0.0007041071967265352,-0.030051856191361182,-0.06468202737185803,-0.0007041071967178554,-0.06397792017514017,0.992943194731425
CA_30p00_CG15p00.s2p,30.0,15.0,37.9,-0.09724782721676695,-0.10311725271504266,0.00586942549827571,-0.13543223392216483,-0.10311725271503583,-0.032314981207129,0.9778567033958837
CA_30p00_CG20p00.s2p,30.0,20.0,37.9,-0.38163565988993564,-0.5039629832116457,0.12232732332171004,-0.42846313003286585,-0.5039629832116416,0.07549985317877572,0.9158754839120791
CA_30p00_CG25p00.s2p,30.0,25.0,37.9,-1.8254267472313102,-1.4283138649732248,-0.3971128822580854,-1.8977033383668145,-1.4283138649732279,-0.4693894733935866,0.6568365711108799
CA_30p00_CG30p00.s2p,30.0,30.0,37.9,-12.654851486033522,-2.980444515153939,-9.674406970879582,-12.60275094875107,-2.9804445151539345,-9.622306433597135,0.05426438075874216
CA_30p00_CG35p00.s2p,30.0,35.0,37.9,-5.484189207573299,-4.777880634034179,-0.7063085735391201,-5.387399559276461,-4.777880634034176,-0.609518925242285,0.2828662149941081
CA_30p00_CG40p00.s2p,30.0,40.0,37.9,-2.322091151383378,-5.999001784907126,3.6769106335237476,-2.303293178106407,-5.9990017849071195,3.6957086068007126,0.5858560037589343
CA_30p00_CG45p00.s2p,30.0,45.0,37.9,-1.4136988189142108,-6.2687419145602306,4.855043095646019,-1.4135103582145692,-6.268741914560203,4.855231556345634,0.7221544938042692
CA_30p00_CG48p00.s2p,30.0,48.0,37.9,-1.1497465555999844,-6.121762109121544,4.97201555352156,-1.154729170792703,-6.12176210912152,4.967032938328817,0.7674062721429245
CA_35p00_CG10p00.s2p,35.0,10.0,37.9,-0.046956698185227456,-0.0002513014226143213,-0.046705396762613136,-0.14524525277728131,-0.00025130142261142816,-0.1449939513546699,0.9892460621902367
CA_35p00_CG15p00.s2p,35.0,15.0,37.9,-0.21338423177310661,-0.04228788494493568,-0.17109634682817093,-0.3146154146692001,-0.04228788494493956,-0.27232752972426055,0.9520539885699185
CA_35p00_CG20p00.s2p,35.0,20.0,37.9,-0.7788198604142813,-0.2634838262807687,-0.5153360341335126,-0.8907605687260431,-0.2634838262807667,-0.6272767424452764,0.835830113494219
CA_35p00_CG25p00.s2p,35.0,25.0,37.9,-2.4247569802043594,-1.1431078750504033,-1.281649105153956,-2.544238001584342,-1.1431078750504022,-1.4011301265339398,0.5721689708307118
CA_35p00_CG30p00.s2p,35.0,30.0,37.9,-6.1899907887347,-4.777880634034186,-1.412110154700514,-6.301729668350932,-4.777880634034178,-1.5238490343167541,0.24043678995990397
CA_35p00_CG35p00.s2p,35.0,35.0,37.9,-8.573988647196693,-30.79757290734396,22.223584260147266,-8.592873596079027,-30.79757290734374,22.20469931126471,0.13886766570064626
CA_35p00_CG40p00.s2p,35.0,40.0,37.9,-6.261602288891854,-8.077530870023663,1.8159285811318089,-6.279489016002393,-8.077530870023665,1.798041854021272,0.23650469745320724
CA_35p00_CG45p00.s2p,35.0,45.0,37.9,-4.425332505254195,-4.382339157367489,-0.04299334788670617,-4.460139634693565,-4.3823391573675,-0.07780047732606477,0.3609663761614898
CA_35p00_CG48p00.s2p,35.0,48.0,37.9,-3.758005347412898,-3.4215022461390814,-0.33650310127381644,-3.799229888323177,-3.421502246139088,-0.37772764218408916,0.4209199065031725
CA_40p00_CG10p00.s2p,40.0,10.0,37.9,-0.03437547366945702,-0.00015190940904488538,-0.034223564260412134,-0.0786441311392675,-0.00015190940904488538,-0.07849222173022262,0.9921159977441504
CA_40p00_CG15p00.s2p,40.0,15.0,37.9,-0.1136460677209144,-0.027062063438461875,-0.08658400428245253,-0.15338415982941206,-0.02706206343846091,-0.12632209639095116,0.974171440253688
CA_40p00_CG20p00.s2p,40.0,20.0,37.9,-0.3467409362705898,-0.18645282103081817,-0.1602881152397716,-0.3837531544985842,-0.18645282103081323,-0.19730033346777098,0.9232640096409429
CA_40p00_CG25p00.s2p,40.0,25.0,37.9,-0.9678740799719308,-0.9881915027714618,0.020317422799531082,-0.9953164248948093,-0.9881915027714501,-0.007124922123359245,0.8002258786585014
CA_40p00_CG30p00.s2p,40.0,30.0,37.9,-2.6461855210237224,-5.999001784907153,3.352816263883431,-2.6627038627860418,-5.9990017849071355,3.3362979221210938,0.5437276866862293
CA_40p00_CG35p00.s2p,40.0,35.0,37.9,-7.140208678968873,-8.07753087002368,0.9373221910548066,-7.153035377415501,-8.077530870023676,0.924495492608175,0.19318754879603103
CA_40p00_CG40p00.s2p,40.0,40.0,37.9,-19.36309122208888,-3.136421741155488,-16.226669480933392,-19.67548350874711,-3.1364217411554964,-16.539061767591612,0.011579528548549357
CA_40p00_CG45p00.s2p,40.0,45.0,37.9,-10.690553593531725,-1.8222055342607941,-8.86834805927093,-10.802499111173576,-1.8222055342607955,-8.98029357691278,0.08529913765995685
CA_40p00_CG48p00.s2p,40.0,48.0,37.9,-7.558320862067054,-1.4579774315153218,-6.100343430551733,-7.644011032491756,-1.4579774315153273,-6.186033600976429,0.17545587459363185
CA_45p00_CG10p00.s2p,45.0,10.0,37.9,-0.02946877486271083,-0.00011246106877084718,-0.02935631379393998,-0.04445340667543614,-0.00011246106877277585,-0.044340945606663365,0.9932375329201165
CA_45p00_CG15p00.s2p,45.0,15.0,37.9,-0.07018799479121762,-0.020635344807920612,-0.04955264998329701,-0.08401201636930153,-0.02063534480792544,-0.06337667156137608,0.9839685114003247
CA_45p00_CG20p00.s2p,45.0,20.0,37.9,-0.19531889703456096,-0.150061820092276,-0.04525707694228495,-0.2039866702683046,-0.15006182009227503,-0.053924850176029576,0.9560224929002494
CA_45p00_CG25p00.s2p,45.0,25.0,37.9,-0.5465117644530985,-0.8926398007539675,0.3461280363008691,-0.5511260365141937,-0.8926398007539589,0.3415137642397652,0.8817568121344416
CA_45p00_CG30p00.s2p,45.0,30.0,37.9,-1.6263693871625804,-6.268741914560229,4.642372527397648,-1.6215487681161276,-6.268741914560248,4.6471931464441205,0.6876430552948678
CA_45p00_CG35p00.s2p,45.0,35.0,37.9,-5.206611477558178,-4.382339157367505,-0.8242723201906736,-5.183645590234978,-4.382339157367503,-0.8013064328674746,0.3015357797684608
CA_45p00_CG40p00.s2p,45.0,40.0,37.9,-12.169934693073204,-1.8222055342607941,-10.34772915881241,-11.954026985309747,-1.8222055342607977,-10.13182145104895,0.06067454534398636
CA_45p00_CG45p00.s2p,45.0,45.0,37.9,-6.388301840162409,-1.101600389406135,-5.286701450756274,-6.36026272177205,-1.1016003894061392,-5.25866233236591,0.22970466539602172
CA_45p00_CG48p00.s2p,45.0,48.0,37.9,-4.405858225302782,-0.8952880847725457,-3.5105701405302363,-4.407975122976163,-0.8952880847725521,-3.512687038203611,0.36258862669223285
CA_48p00_CG10p00.s2p,48.0,10.0,37.9,-0.02981051171277317,-9.883077058519736e-05,-0.029711680942187974,-0.03883805308438326,-9.883077058423302e-05,-0.038739222313799025,0.993159380301095
CA_48p00_CG15p00.s2p,48.0,15.0,37.9,-0.06093777452247657,-0.018347495087698288,-0.04259027943477828,-0.06756101272398521,-0.018347495087698288,-0.049213517636286924,0.9860665407374896
CA_48p00_CG20p00.s2p,48.0,20.0,37.9,-0.16150627447217844,-0.13636429072965942,-0.025141983742519025,-0.1648126019676926,-0.13636429072965256,-0.028448311238040036,0.9634947943442428
CA_48p00_CG25p00.s2p,48.0,25.0,37.9,-0.44674587401913834,-0.851322825707152,0.40457695168801366,-0.4445940378947305,-0.8513228257071436,0.40672878781241306,0.9022469291720271
CA_48p00_CG30p00.s2p,48.0,30.0,37.9,-1.356242748154016,-6.121762109121543,4.765519360967527,-1.3500019380757644,-6.121762109121564,4.771760171045799,0.7317718942670988
CA_48p00_CG35p00.s2p,48.0,35.0,37.9,-4.501365303463512,-3.4215022461390983,-1.0798630573244137,-4.463600548168272,-3.4215022461390943,-1.0420983020291779,0.3547018631074303
CA_48p00_CG40p00.s2p,48.0,40.0,37.9,-8.757270228520342,-1.4579774315153207,-7.299292797005021,-8.604600008158545,-1.4579774315153289,-7.1466225766432165,0.1331290942114782
CA_48p00_CG45p00.s2p,48.0,45.0,37.9,-4.662345050972546,-0.8952880847725488,-3.7670569661999975,-4.631072025703653,-0.8952880847725532,-3.7357839409311,0.3417948344239229
CA_48p00_CG48p00.s2p,48.0,48.0,37.9,-3.2717170507668736,-0.7320666696314619,-2.5396503811354116,-3.2643774721822383,-0.7320666696314692,-2.5323108025507692,0.47079115499258267
CA_50p00_CG10p00.s2p,50.0,10.0,37.9,-0.028166082203420664,-9.19678690132582e-05,-0.028074114334407405,-0.036250774515501266,-9.196786901518686e-05,-0.03615880664648608,0.9935355052339404
CA_50p00_CG15p00.s2p,50.0,15.0,37.9,-0.057791909760040394,-0.017180531642885577,-0.04061137811715482,-0.06060124337936145,-0.01718053164288751,-0.04342071173647394,0.9867810687551827
CA_50p00_CG20p00.s2p,50.0,20.0,37.9,-0.14394540278563261,-0.12920356135270755,-0.014741841432925062,-0.1470095866274634,-0.1292035613527036,-0.0178060252747598,0.9673986115182175
CA_50p00_CG25p00.s2p,50.0,25.0,37.9,-0.3992911165830513,-0.8283120704582905,0.4290209538752392,-0.3972555450460749,-0.8283120704582831,0.43105652541220824,0.9121597157873681
CA_50p00_CG30p00.s2p,50.0,30.0,37.9,-1.230543029894103,-5.962372985349694,4.7318299554555905,-1.2190015050328848,-5.962372985349715,4.74337148031683,0.7532613721116556
CA_50p00_CG35p00.s2p,50.0,35.0,37.9,-4.140293238461139,-2.9906485314245375,-1.1496447070366012,-4.086664355293289,-2.990648531424536,-1.0960158238687527,0.3854523307948279
CA_50p00_CG40p00.s2p,50.0,40.0,37.9,-7.159396179055337,-1.2912841288475496,-5.868112050207787,-7.024126964425581,-1.291284128847554,-5.732842835578027,0.19233591243849887
CA_50p00_CG45p00.s2p,50.0,45.0,37.9,-3.8114890187240618,-0.7995038101209662,-3.011985208603096,-3.780181957567596,-0.7995038101209683,-2.980678147446628,0.41576803614450597
CA_50p00_CG48p00.s2p,50.0,48.0,37.9,-2.6892040338643266,-0.655846391378849,-2.033357642485478,-2.6806764881944596,-0.655846391378848,-2.0248300968156117,0.5383684445535039
