timestamp_pc,cycle,sample_index,VA,VG,Vplus,eps_a,eps_g,position_Ca,position_Cg
2026-08-06 13:41:06,1,1,3.602151,3.563050,3.445748,-0.067868,-0.089204,2.653959,3.255132
2026-08-06 13:41:06,1,2,3.607038,3.563050,3.445748,-0.066922,-0.094000,3.176930,3.264907
2026-08-06 13:41:06,1,3,3.602151,3.563050,3.440860,-0.071011,-0.091323,3.382209,3.240469
2026-08-06 13:41:06,1,4,3.607038,3.563050,3.445748,-0.066922,-0.094000,3.470186,3.260019
2026-08-06 13:41:06,1,5,3.607038,3.563050,3.440860,-0.070065,-0.096118,3.494624,3.260019
2026-08-06 13:41:06,1,6,3.607038,3.563050,3.435973,-0.073208,-0.098236,3.509286,3.260019
2026-08-06 13:41:06,1,7,3.607038,3.558162,3.440860,-0.065975,-0.098795,3.514174,3.250244
2026-08-06 13:41:06,1,8,3.607038,3.558162,3.440860,-0.065975,-0.098795,3.514174,3.260019
2026-08-06 13:41:06,1,9,3.607038,3.563050,3.440860,-0.070065,-0.096118,3.519062,3.264907
2026-08-06 13:41:06,1,10,3.602151,3.563050,3.440860,-0.071011,-0.091323,3.519062,3.264907
2026-08-06 13:41:06,1,11,3.607038,3.563050,3.445748,-0.066922,-0.094000,3.519062,3.250244
2026-08-06 13:41:06,1,12,3.607038,3.563050,3.440860,-0.070065,-0.096118,3.519062,3.260019
2026-08-06 13:41:06,1,13,3.607038,3.558162,3.435973,-0.069119,-0.100913,3.519062,3.269794
2026-08-06 13:41:06,1,14,3.607038,3.563050,3.440860,-0.070065,-0.096118,3.519062,3.260019
2026-08-06 13:41:06,1,15,3.607038,3.558162,3.440860,-0.065975,-0.098795,3.519062,3.235581
2026-08-06 13:41:06,1,16,3.607038,3.563050,3.440860,-0.070065,-0.096118,3.519062,3.264907
2026-08-06 13:41:06,1,17,3.607038,3.558162,3.440860,-0.065975,-0.098795,3.519062,3.264907
2026-08-06 13:41:06,1,18,3.602151,3.563050,3.445748,-0.067868,-0.089204,3.519062,3.260019
2026-08-06 13:41:06,1,19,3.607038,3.563050,3.440860,-0.070065,-0.096118,3.519062,3.260019
2026-08-06 13:41:06,1,20,3.607038,3.563050,3.440860,-0.070065,-0.096118,3.519062,3.269794
2026-08-06 13:41:06,1,21,3.611926,3.563050,3.440860,-0.069119,-0.100913,3.519062,3.269794
2026-08-06 13:41:06,1,22,3.607038,3.563050,3.440860,-0.070065,-0.096118,3.519062,3.255132
2026-08-06 13:41:06,1,23,3.607038,3.563050,3.440860,-0.070065,-0.096118,3.519062,3.245357
2026-08-06 13:41:06,1,24,3.607038,3.563050,3.440860,-0.070065,-0.096118,3.519062,3.264907
2026-08-06 13:41:06,1,25,3.607038,3.558162,3.445748,-0.062832,-0.096676,3.514174,3.255132
2026-08-06 13:41:06,1,26,3.607038,3.563050,3.440860,-0.070065,-0.096118,3.519062,3.260019
2026-08-06 13:41:06,1,27,3.607038,3.563050,3.440860,-0.070065,-0.096118,3.514174,3.250244
2026-08-06 13:41:06,1,28,3.602151,3.563050,3.440860,-0.071011,-0.091323,3.519062,3.260019
2026-08-06 13:41:07,1,29,3.607038,3.563050,3.445748,-0.066922,-0.094000,3.519062,3.250244
2026-08-06 13:41:07,1,30,3.607038,3.563050,3.445748,-0.066922,-0.094000,3.519062,3.260019
2026-08-06 13:41:07,1,31,3.602151,3.558162,3.445748,-0.063778,-0.091881,3.523949,3.260019
2026-08-06 13:41:07,1,32,3.607038,3.563050,3.440860,-0.070065,-0.096118,3.519062,3.269794
2026-08-06 13:41:07,1,33,3.607038,3.563050,3.440860,-0.070065,-0.096118,3.519062,3.255132
2026-08-06 13:41:07,1,34,3.607038,3.558162,3.440860,-0.065975,-0.098795,3.519062,3.260019
2026-08-06 13:41:07,1,35,3.607038,3.563050,3.440860,-0.070065,-0.096118,3.519062,3.240469
2026-08-06 13:41:07,1,36,3.602151,3.558162,3.440860,-0.066922,-0.094000,3.528837,3.279570
2026-08-06 13:41:07,1,37,3.607038,3.563050,3.440860,-0.070065,-0.096118,3.519062,3.264907
2026-08-06 13:41:07,1,38,3.607038,3.563050,3.440860,-0.070065,-0.096118,3.519062,3.240469
2026-08-06 13:41:07,1,39,3.602151,3.558162,3.440860,-0.066922,-0.094000,3.519062,3.250244
2026-08-06 13:41:07,1,40,3.602151,3.558162,3.440860,-0.066922,-0.094000,3.519062,3.269794
2026-08-06 13:41:07,1,41,3.607038,3.563050,3.445748,-0.066922,-0.094000,3.519062,3.255132
2026-08-06 13:41:07,1,42,3.607038,3.567937,3.445748,-0.071011,-0.091323,3.519062,3.255132
2026-08-06 13:41:07,1,43,3.607038,3.563050,3.445748,-0.066922,-0.094000,3.519062,3.250244
2026-08-06 13:41:07,1,44,3.607038,3.563050,3.445748,-0.066922,-0.094000,3.519062,3.260019
2026-08-06 13:41:07,1,45,3.607038,3.558162,3.445748,-0.062832,-0.096676,3.519062,3.255132
2026-08-06 13:41:07,1,46,3.611926,3.563050,3.440860,-0.069119,-0.100913,3.514174,3.250244
2026-08-06 13:41:07,1,47,3.602151,3.563050,3.445748,-0.067868,-0.089204,3.519062,3.260019
2026-08-06 13:41:07,1,48,3.607038,3.563050,3.440860,-0.070065,-0.096118,3.519062,3.269794
2026-08-06 13:41:07,1,49,3.607038,3.558162,3.445748,-0.062832,-0.096676,3.519062,3.269794
2026-08-06 13:41:07,1,50,3.602151,3.563050,3.440860,-0.071011,-0.091323,3.519062,3.245357
2026-08-06 13:41:07,1,51,3.607038,3.563050,3.440860,-0.070065,-0.096118,3.519062,3.264907
2026-08-06 13:41:07,1,52,3.607038,3.563050,3.440860,-0.070065,-0.096118,3.519062,3.264907
2026-08-06 13:41:07,1,53,3.607038,3.563050,3.440860,-0.070065,-0.096118,3.519062,3.255132
2026-08-06 13:41:07,1,54,3.607038,3.558162,3.440860,-0.065975,-0.098795,3.514174,3.260019
2026-08-06 13:41:07,1,55,3.602151,3.563050,3.440860,-0.071011,-0.091323,3.514174,3.279570
2026-08-06 13:41:07,1,56,3.607038,3.563050,3.440860,-0.070065,-0.096118,3.519062,3.255132
2026-08-06 13:41:07,1,57,3.607038,3.563050,3.440860,-0.070065,-0.096118,3.519062,3.274682
2026-08-06 13:41:07,1,58,3.607038,3.563050,3.440860,-0.070065,-0.096118,3.519062,3.250244
2026-08-06 13:41:07,1,59,3.607038,3.563050,3.440860,-0.070065,-0.096118,3.519062,3.260019
2026-08-06 13:41:07,1,60,3.602151,3.563050,3.445748,-0.067868,-0.089204,3.519062,3.260019
2026-08-06 13:41:07,1,61,3.607038,3.563050,3.440860,-0.070065,-0.096118,3.523949,3.260019
2026-08-06 13:41:07,1,62,3.602151,3.558162,3.440860,-0.066922,-0.094000,3.519062,3.264907
2026-08-06 13:41:07,1,63,3.607038,3.563050,3.440860,-0.070065,-0.096118,3.514174,3.245357
2026-08-06 13:41:07,1,64,3.602151,3.563050,3.440860,-0.071011,-0.091323,3.514174,3.269794
2026-08-06 13:41:07,1,65,3.607038,3.563050,3.445748,-0.066922,-0.094000,3.514174,3.245357
2026-08-06 13:41:07,1,66,3.607038,3.563050,3.440860,-0.070065,-0.096118,3.519062,3.264907
2026-08-06 13:41:07,1,67,3.607038,3.563050,3.440860,-0.070065,-0.096118,3.519062,3.264907
2026-08-06 13:41:07,1,68,3.602151,3.563050,3.440860,-0.071011,-0.091323,3.519062,3.260019
2026-08-06 13:41:07,1,69,3.611926,3.567937,3.440860,-0.073208,-0.098236,3.519062,3.264907
2026-08-06 13:41:07,1,70,3.616813,3.563050,3.440860,-0.068172,-0.105708,3.519062,3.260019
2026-08-06 13:41:07,1,71,3.607038,3.563050,3.445748,-0.066922,-0.094000,3.519062,3.260019
2026-08-06 13:41:07,1,72,3.602151,3.563050,3.440860,-0.071011,-0.091323,3.519062,3.250244
2026-08-06 13:41:07,1,73,3.602151,3.558162,3.440860,-0.066922,-0.094000,3.519062,3.260019
2026-08-06 13:41:07,1,74,3.626589,3.563050,3.440860,-0.066280,-0.115298,3.519062,3.255132
2026-08-06 13:41:07,1,75,3.602151,3.563050,3.445748,-0.067868,-0.089204,3.514174,3.250244
2026-08-06 13:41:07,1,76,3.607038,3.563050,3.440860,-0.070065,-0.096118,3.519062,3.269794
2026-08-06 13:41:07,1,77,3.602151,3.558162,3.440860,-0.066922,-0.094000,3.519062,3.255132
2026-08-06 13:41:07,1,78,3.602151,3.563050,3.440860,-0.071011,-0.091323,3.519062,3.260019
2026-08-06 13:41:08,1,79,3.607038,3.563050,3.440860,-0.070065,-0.096118,3.519062,3.264907
2026-08-06 13:41:08,1,80,3.602151,3.563050,3.440860,-0.071011,-0.091323,3.519062,3.260019
2026-08-06 13:41:08,1,81,3.607038,3.558162,3.440860,-0.065975,-0.098795,3.519062,3.250244
2026-08-06 13:41:08,1,82,3.607038,3.558162,3.440860,-0.065975,-0.098795,3.519062,3.255132
2026-08-06 13:41:08,1,83,3.607038,3.563050,3.440860,-0.070065,-0.096118,3.519062,3.245357
2026-08-06 13:41:08,1,84,3.607038,3.563050,3.440860,-0.070065,-0.096118,3.519062,3.260019
2026-08-06 13:41:08,1,85,3.607038,3.558162,3.445748,-0.062832,-0.096676,3.519062,3.260019
2026-08-06 13:41:08,1,86,3.607038,3.558162,3.440860,-0.065975,-0.098795,3.519062,3.250244
2026-08-06 13:41:08,1,87,3.602151,3.563050,3.440860,-0.071011,-0.091323,3.519062,3.260019
2026-08-06 13:41:08,1,88,3.607038,3.563050,3.440860,-0.070065,-0.096118,3.519062,3.245357
2026-08-06 13:41:08,1,89,3.602151,3.563050,3.440860,-0.071011,-0.091323,3.519062,3.260019
2026-08-06 13:41:08,1,90,3.602151,3.563050,3.440860,-0.071011,-0.091323,3.519062,3.264907
2026-08-06 13:41:08,1,91,3.607038,3.563050,3.440860,-0.070065,-0.096118,3.519062,3.260019
2026-08-06 13:41:08,1,92,3.607038,3.558162,3.440860,-0.065975,-0.098795,3.514174,3.260019
2026-08-06 13:41:08,1,93,3.607038,3.563050,3.445748,-0.066922,-0.094000,3.514174,3.255132
2026-08-06 13:41:08,1,94,3.607038,3.558162,3.440860,-0.065975,-0.098795,3.519062,3.264907
2026-08-06 13:41:08,1,95,3.607038,3.563050,3.440860,-0.070065,-0.096118,3.519062,3.255132
2026-08-06 13:41:08,1,96,3.607038,3.563050,3.440860,-0.070065,-0.096118,3.519062,3.264907
2026-08-06 13:41:08,1,97,3.611926,3.563050,3.440860,-0.069119,-0.100913,3.519062,3.245357
2026-08-06 13:41:08,1,98,3.607038,3.558162,3.440860,-0.065975,-0.098795,3.519062,3.255132
2026-08-06 13:41:08,1,99,3.607038,3.563050,3.440860,-0.070065,-0.096118,3.519062,3.255132
2026-08-06 13:41:08,1,100,3.602151,3.563050,3.440860,-0.071011,-0.091323,3.519062,3.255132
