t_ms,eps_a,eps_g
1,0.01721,-0.05444
24,-0.02549,-0.09866
45,0.00424,-0.06742
68,-0.04349,-0.10263
90,-0.01931,-0.11024
112,0.01407,-0.06662
134,0.01625,-0.0688
157,-0.02893,-0.10097
179,-0.07526,-0.10787
201,-0.04969,-0.0851
224,0.02068,-0.06013
245,-0.1242,-0.13064
268,-0.07798,-0.09992
290,0.00668,-0.07145
312,-0.07231,-0.1117
334,-0.01861,-0.09402
357,0.00478,-0.07317
378,-0.12044,-0.14414
401,-0.02114,-0.10097
423,-0.07343,-0.11713
445,-0.01886,-0.06927
467,0.03363,-0.07211
490,-0.11305,-0.13931
512,0.02941,-0.07072
534,0.00145,-0.07046
556,-0.00196,-0.08079
579,-0.10709,-0.13004
600,-0.0625,-0.10495
623,0.02248,-0.06139
645,-0.02205,-0.09634
667,0.0086,-0.10064
689,0.02653,-0.05384
712,-0.01861,-0.09402
734,0.01332,-0.07092
756,0.01869,-0.18846
779,-0.02205,-0.09634
800,-0.10601,-0.14361
823,0.0365,-0.05603
845,-0.02205,-0.09634
867,-0.11418,-0.14474
889,-0.0129,-0.06001
912,-0.06898,-0.11442
933,-0.04797,-0.09939
956,0.0026,-0.07304
978,-0.09296,-0.15056
1001,-0.08802,-0.11078
1022,-0.02205,-0.09634
1045,-0.08631,-0.09211
1067,-0.10488,-0.13818
1089,0.05465,-0.03213
1111,-0.10021,-0.12541
1134,-0.04227,-0.11713
1156,-0.01821,-0.09885
1178,0.04813,-0.05854
1200,-0.01263,-0.06391
1223,0.01415,-0.05563
1246,-0.00108,-0.07741
1267,-0.00342,-0.06834
1290,-0.00744,-0.08185
1312,-0.19164,-0.15759
1335,-0.02589,-0.09383
1356,-0.0979,-0.12852
1379,0.04506,-0.17536
1401,0.00749,-0.08112
1423,-0.04988,-0.10111
1445,-0.10881,-0.14666
1468,-0.01518,-0.09171
1490,-0.04293,-0.08549
1512,-0.11246,-0.12812
1534,0.02863,-0.06701
1557,0.01329,-0.06291
1579,-0.02549,-0.09866
1601,-0.08205,-0.13242
1623,-0.0621,-0.10978
1646,-0.01174,-0.08939
1667,-0.02026,-0.07285
1690,0.02312,-0.06417
1712,-0.02205,-0.09634
1735,-0.01714,-0.08357
1756,-0.01454,-0.06563
1779,0.01893,-0.06874
1802,-0.01787,-0.06292
1824,-0.10295,-0.14242
1846,-0.06315,-0.10422
1868,-0.09113,-0.12892
1891,0.05449,-0.05411
1913,0.01525,-0.07516
1935,-0.00729,-0.05987
1957,-0.02549,-0.09866
1980,0.00362,-0.07264
2001,0.01686,-0.06358
2024,-0.02205,-0.09634
2046,-0.04099,-0.08973
2069,-0.04856,-0.11058
2090,-0.08447,-0.13434
2113,-0.06908,-0.11945
2135,-0.00852,-0.07033
2157,0.01536,-0.07013
2179,-0.02072,-0.05405
2202,0.00064,-0.0608
2224,-0.08262,-0.11866
2246,0.03854,-0.05523
2268,-0.01821,-0.09885
2291,-0.11619,-0.15149
2314,-0.01389,-0.06841
2335,-0.0177,-0.09866
2358,0.02217,-0.1383
2380,-0.08313,-0.11885
2403,-0.02205,-0.09634
2424,0.03454,-0.19237
2447,0.01982,-0.06741
2469,-0.02205,-0.09634
2491,-0.0946,-0.0076
2513,0.02935,-0.05676
2536,-0.06068,-0.11422
2558,0.01841,-0.1248
2580,0.00223,-0.10508
2602,0.06815,-0.08078
2625,0.02012,-0.07728
2646,-0.02601,-0.18768
2669,-0.99618,-0.53537
2691,0.01369,1.15215
2714,-0.01518,-0.09171
2735,0.01689,-0.06953
2758,0.05194,-0.0551
2780,-0.01861,-0.09402
2803,0.03789,-0.05451
2825,0.00332,-0.06278
2847,0.03749,-0.04967
2870,0.0163,-0.04981
2892,0.01679,-0.07456
2914,0.01002,-0.07417
2936,-0.0412,-0.09979
2959,0.19379,1.08163
2980,-0.02205,-0.09634
3003,-0.02205,-0.09634
3025,-0.02549,-0.09866
3048,0.01859,-0.07787
3069,-0.02684,-0.08529
3092,-0.02114,-0.10097
3114,0.02484,-0.07847
3137,0.03153,-0.05894
3158,0.00365,-0.0786
3181,-0.00274,-0.07708
3203,0.02887,-0.06496
3225,-0.01477,-0.09654
3247,0.00991,-0.0792
3270,0.00215,-0.08515
3292,-0.00933,-0.06067
3314,0.01576,-0.07496
3337,-0.02549,-0.09866
3359,-0.1072,-0.13507
3381,-0.11206,-0.13296
3403,-0.02549,-0.09866
3426,-0.00121,-0.07648
3448,0.00086,-0.08165
3470,0.01576,-0.07496
3492,0.01192,-0.07245
3515,-0.01751,-0.08264
3537,-0.12632,-0.14242
3559,-0.00124,-0.07053
3581,-0.00779,-0.08687
3604,0.0023,-0.06318
3625,0.03999,-0.1833
3648,-0.01518,-0.09171
3670,0.01131,-0.07767
3693,-0.03946,-0.08913
3714,-0.12712,-0.16367
3737,0.0307,-0.07423
3759,0.01679,-0.07456
3782,-0.00091,-0.08635
3803,0.00271,-0.06801
3826,-0.00602,-0.08628
3849,-0.10013,-0.14533
3871,-0.11104,-0.13256
3893,-0.01821,-0.09885
3915,-0.00441,-0.0747
3938,-0.0802,-0.11674
3959,-0.0173,-0.10349
3982,0.01045,-0.08495
4004,-0.00033,-0.07516
4027,-0.01426,-0.09634
4048,0.03115,-0.06007
4071,0.00427,-0.07337
4093,-0.58478,-0.34542
4116,-0.00717,-0.11255
4137,-0.02549,-0.09866
4160,-0.01674,-0.0884
4182,-0.09081,-0.11383
4204,-0.09457,-0.13123
4226,0.07305,-0.15067
4249,-0.01607,-0.06623
4271,0.02672,-0.06874
4293,-0.10287,-0.13143
4315,0.01434,-0.07053
4338,-0.02549,-0.09866
4361,-0.05976,-0.11885
4382,-0.117,-0.14183
4405,0.462,-0.41316
4427,-0.02114,-0.10097
4450,-0.02893,-0.10097
4471,0.04316,-0.17708
4494,-0.00768,-0.08595
4516,0.00131,-0.06953
4538,0.00534,-0.08694
4560,0.00416,-0.0784
4583,-0.00825,-0.07218
4605,-0.08941,-0.14321
4627,-0.00033,-0.07516
4649,-0.01953,-0.08939
4672,-0.12519,-0.137
4694,-0.1072,-0.13507
4716,-0.02571,-0.07781
4738,-0.03196,-0.10812
4761,-0.11999,-0.09907
4782,0.00448,-0.06331
4805,0.00252,-0.08403
4827,-0.01477,-0.09654
4850,-0.1149,-0.155
4872,-0.05907,-0.10264
4894,-0.01386,-0.10117
4917,-0.12613,-0.15731
4939,0.02013,-0.13909
4961,-0.02205,-0.09634
4983,-0.13967,-0.15652
5006,-0.01279,-0.05703
5027,-0.10325,-0.13256
5050,0.00018,-0.07496
5072,0.00953,-0.08032
5095,-0.01386,-0.07437
5116,-0.0028,-0.06311
5139,-0.12087,-0.13335
5161,0.01246,-0.0782
5184,0.0391,-0.03809
5205,-0.01861,-0.09402
5228,-0.13048,-0.155
5250,-0.12329,-0.13527
5272,-0.02114,-0.10097
5294,-0.09369,-0.12991
5317,-0.07716,-0.1405
5339,-0.05441,-0.14572
5361,-0.00639,-0.08946
5384,0.01638,-0.06973
5406,-0.10518,-0.12832
5429,-0.00186,-0.07576
5450,0.00225,-0.04922
5473,-0.06857,-0.11925
5495,-0.0125,-0.06484
5518,-0.01477,-0.09654
5539,0.03408,-0.05795
5562,0.03865,-0.0502
5584,-0.01861,-0.09402
5606,0.02587,-0.10898
5628,-0.08565,-0.1258
5651,-0.02205,-0.09634
5673,0.03499,-0.06258
5695,0.02986,-0.05656
5717,0.06131,-0.15318
5740,-0.00868,-0.0614
5761,-0.01861,-0.09402
5784,-0.08719,-0.1264
5806,0.06416,-0.16205
5829,0.0627,-0.12075
5850,-0.02048,-0.052
5873,0.01353,-0.06086
5896,-0.06715,-0.12368
5918,-0.00753,-0.06398
5940,0.00266,-0.08495
5962,-0.01861,-0.09402
5985,0.05015,-0.11361
6006,0.00827,-0.08482
6029,0.00988,-0.07324
6051,0.04133,-0.05219
6074,-0.01821,-0.09885
6095,0.01598,-0.0649
6118,0.0043,-0.07933
6140,0.02519,-0.06933
6163,-0.11096,-0.12157
6184,0.00604,-0.07073
6207,0.03962,-0.0688
6229,-0.00347,-0.05643
6251,0.03803,-0.05543
6273,-0.01821,-0.09885
6296,0.01063,-0.03803
6318,0.00478,-0.07317
6340,-0.02549,-0.09866
6362,0.00964,-0.07529
6385,-0.02332,-0.07199
6408,0.01917,-0.06669
6429,0.06204,-0.0273
6452,-0.02348,-0.09191
6474,-0.0022,-0.08284
6496,0.0073,-0.06622
6518,-0.10722,-0.12912
6541,-0.00025,-0.06212
6563,-0.13644,-0.16427
6585,-0.02549,-0.09866
6607,0.00658,-0.07648
6630,0.03236,-0.04365
6652,-0.02165,-0.10117
6674,0.00499,-0.06311
6696,0.02318,-0.07608
6719,0.02234,-0.06046
6740,-0.00777,-0.06603
6763,-0.02205,-0.09634
6785,0.00169,-0.09932
6808,0.02685,-0.04081
6829,-0.01225,-0.08959
6852,0.01574,-0.069
6874,-0.12256,-0.12502
6897,0.01447,-0.07145
6918,0.0059,-0.06775
6941,-0.03997,-0.08933
6964,-0.02205,-0.09634
6985,0.02019,-0.06629
7008,0.00538,-0.12381
7030,0.05347,-0.0545
7053,0.03797,-0.19005
7074,-0.01953,-0.08939
7097,-0.03469,-0.15809
7119,-0.06594,-0.10727
7142,-0.01093,-0.09905
7163,0.02408,-0.13658
7186,0.00529,-0.07298
7208,-0.0173,-0.10349
7230,0.00174,-0.08032
7252,0.03188,-0.04981
7275,-0.01294,-0.1058
7297,0.0214,-0.19641
7319,-0.00132,-0.08151
7341,0.03018,-0.19005
7364,0.00461,-0.06629
7386,-0.01821,-0.09885
7408,-0.01367,-0.08926
7430,0.01536,-0.07013
7453,-0.02549,-0.09866
7475,0.01284,-0.07708
7497,0.01343,-0.06589
7520,-0.01861,-0.09402
7542,0.01189,-0.06649
7564,0.0323,-0.03174
7586,-0.01912,-0.09422
7609,0.02513,-0.17304
7631,-0.00084,-0.07536
7653,0.06124,-0.04855
7675,0.00483,-0.08714
7698,-0.01477,-0.09654
7719,-0.10921,-0.14182
7742,0.05114,-0.04544
7764,-0.01663,-0.08337
7787,0.00301,-0.07787
7808,-0.00812,-0.07516
7831,-0.02842,-0.10078
7853,0.00862,-0.07569
7876,0.01375,-0.08171
7897,-0.02165,-0.10117
7920,0.03102,-0.05914
7942,-0.01263,-0.06391
7964,-0.10043,-0.13547
7987,-0.01601,-0.08019
8009,-0.01133,-0.09422
8032,-0.03763,-0.1293
8053,0.02699,-0.04173
8076,-0.02205,-0.09634
8098,-0.00258,-0.08396
8121,0.04773,-0.05371
8142,-0.01225,-0.08959
8165,0.00628,-0.06662
8187,0.04719,-0.04795
8209,-0.02205,-0.09634
8231,-0.08246,-0.12759
8254,-0.12833,-0.14917
8276,-0.03685,-0.1021
8298,0.00263,-0.079
8320,-0.01426,-0.09634
8343,0.01179,-0.07152
8365,0.00563,-0.03499
8387,-0.02205,-0.09634
8409,-0.10043,-0.13547
8432,-0.07706,-0.10456
8453,-0.01821,-0.09885
8476,-0.05764,-0.10707
8499,0.00523,-0.06106
8521,0.03427,-0.04193
8543,0.00354,-0.08363
8565,0.00762,-0.05113
8588,0.15566,1.12782
8610,0.73941,-0.60386
8632,-0.01477,-0.09654
8654,-0.10537,-0.14434
8677,-0.03308,-0.17742
8699,-0.0177,-0.09866
8721,-0.11461,-0.13395
8743,-0.00734,-0.07682
8766,-0.00486,-0.08475
8787,-0.00352,-0.07337
8810,0.00236,-0.07509
8832,-0.01518,-0.09171
8855,-0.00035,-0.0692
8876,0.07422,-0.09739
8899,0.23001,1.03372
8921,0.21613,-0.25223
8944,-0.01861,-0.09402
8965,0.01544,-0.20567
8988,0.00494,-0.08211
9011,-0.02114,-0.10097
9032,0.00709,-0.07628
9055,-0.00395,-0.06259
9077,-0.02073,-0.1058
9100,-0.01107,-0.07132
9121,0.0377,-0.03961
9144,-0.01821,-0.09885
9166,-0.00403,-0.07357
9189,0.01464,-0.08039
9210,-0.02205,-0.09634
9233,0.00201,-0.19985
9255,-0.04915,-0.12176
9277,0.0116,-0.08754
9299,-0.00145,-0.08059
9322,-0.01174,-0.08939
9344,-0.11407,-0.13971
9366,0.06855,-0.08561
9388,-0.01634,-0.06232
9411,-0.13867,-0.15017
9433,-0.05734,-0.14784
9455,-0.01912,-0.09422
9477,0.00763,-0.08204
9500,-0.01059,-0.06312
9521,-0.01316,-0.08495
9544,-0.02428,-0.1152
9567,0.01286,-0.05213
9589,0.02124,-0.07185
9611,-0.10679,-0.1399
9633,0.01248,-0.0553
9656,-0.11114,-0.13759
9678,0.01907,-0.07172
9700,-0.01174,-0.08939
9722,0.01877,-0.06186
9745,-0.10771,-0.13527
9767,-0.11608,-0.14646
9789,0.03,-0.05954
9811,-0.0004,-0.08615
9834,-0.0177,-0.09866
9855,0.03566,-0.04041
9878,0.04399,-0.04616
9900,0.03502,-0.06854
9923,-0.10803,-0.15036
9944,-0.01426,-0.09634
9967,0.04106,-0.04828
9989,0.05651,-0.04735
10011,-0.02205,-0.09634
10033,-0.09607,-0.13779
10056,0.02874,-0.06199
10079,-0.02073,-0.1058
10101,0.02387,-0.05987
10123,-0.10062,-0.12058
10145,-0.02205,-0.09634
10168,-0.10478,-0.13315
10190,-0.10551,-0.1125
10212,0.04602,-0.13214
10234,0.00865,-0.08164
10257,0.00454,-0.07728
10279,0.04087,-0.03339
10302,-0.11063,-0.13739
10323,-0.11326,-0.14937
10346,-0.11176,-0.14282
10368,-0.1239,-0.1405
10391,-0.03884,-0.11276
10412,-0.01187,-0.09052
10435,0.01423,-0.07556
10457,-0.0173,-0.10349
10480,-0.01077,-0.07913
10502,0.01069,-0.0829
10524,0.02205,-0.0506
10547,-0.10437,-0.13798
10569,-0.01174,-0.08939
10592,-0.07779,-0.11482
10613,0.03913,-0.04405
10636,-0.00527,-0.07992
10658,-0.07848,-0.13103
10681,0.02178,-0.0467
10702,-0.05815,-0.10727
10725,-0.01352,-0.06523
10747,-0.02416,-0.05637
10770,-0.07394,-0.11733
10792,0.02369,-0.07588
10814,0.02143,-0.08674
10836,-0.09981,-0.13024
10859,-0.10975,-0.13607
10881,-0.02549,-0.09866
10903,-0.11034,-0.14725
10925,0.03762,-0.0506
10948,-0.01781,-0.10369
10970,0.00131,-0.06953
10993,-0.09933,-0.12409
11014,0.05264,-0.03888
11037,-0.13483,-0.15268
11060,-0.13977,-0.16155
11082,-0.11165,-0.13779
11105,0.00104,-0.06563
11126,0.0496,-0.04603
11149,-0.10446,-0.11806
11171,-0.04293,-0.08549
11194,-0.01477,-0.09654
11215,-0.10972,-0.14202
11238,-0.03828,-0.09767
11260,-0.01861,-0.09402
11283,-0.04372,-0.13764
11304,-0.00688,-0.0647
11327,-0.02205,-0.09634
11349,-0.09406,-0.13103
11372,0.0192,-0.07264
11393,-0.02974,-0.09131
11416,-0.02276,-0.17047
11438,-0.11114,-0.13759
11461,0.0605,-0.14352
11483,0.00035,-0.08184
11505,-0.12288,-0.14011
11528,-0.00169,-0.08264
11550,-0.0087,-0.08635
11573,0.85903,0.15456
11594,-0.02205,-0.09634
11617,-0.01477,-0.09654
11639,-0.02893,-0.10097
11662,-0.08082,-0.12196
11684,0.01203,-0.06742
11706,-0.0087,-0.08224
11728,-0.00358,-0.06146
11751,-0.07416,-0.12739
11773,0.02796,-0.06033
11795,-0.01301,-0.06504
11817,-0.09992,-0.13527
11840,0.0236,-0.05596
11862,0.01477,-0.08131
11885,0.1958,1.08838
11906,-0.02388,-0.08707
11929,-0.01477,-0.09654
11951,-0.02205,-0.09634
11974,0.01818,-0.07304
11995,-0.11012,-0.13719
12018,-0.02205,-0.09634
12041,-0.11165,-0.13779
12063,-0.05192,-0.10191
12085,0.04195,-0.04696
12107,-0.08474,-0.13044
12130,-0.02549,-0.09866
12152,0.01082,-0.08383
12175,-0.10975,-0.13607
12196,-0.02549,-0.09866
12219,0.03419,-0.05292
12241,-0.01142,-0.07841
12264,-0.01861,-0.09402
12285,-0.09242,-0.15632
12308,-0.10569,-0.15943
12330,0.00797,-0.07496
12353,-0.07599,-0.11813
12375,0.02632,-0.0639
12397,0.04251,-0.17635
12419,-0.11278,-0.14322
12442,-0.1253,-0.14203
12464,-0.04402,-0.09687
12486,0.03072,-0.04928
12508,-0.01861,-0.09402
12531,0.02761,-0.06741
12554,-0.11751,-0.14202
12576,-0.01861,-0.09402
12598,0.01482,-0.03346
12620,0.02006,-0.06331
12643,-0.12653,-0.15248
12665,0.01652,-0.07066
12687,-0.01861,-0.09402
12709,-0.02943,-0.13413
12732,0.02806,-0.05325
12754,-0.02893,-0.10097
12776,0.04477,-0.04987
12798,0.02426,-0.08965
12821,-0.01265,-0.08476
12843,-0.10206,-0.1411
12866,-0.01123,-0.06239
12887,-0.01518,-0.09171
12910,0.02141,-0.08078
12932,-0.0137,-0.08125
12955,-0.02297,-0.09171
12976,0.01579,-0.08092
12999,-0.10204,-0.11614
13022,0.02437,-0.11553
13044,0.03591,-0.06721
13067,0.00829,-0.05987
13088,-0.11125,-0.14262
13111,-0.10612,-0.14864
13133,-0.52773,-0.30755
13156,0.05202,1.29141
13177,1.28119,-0.95337
13200,-0.01861,-0.09402
13222,-0.01583,-0.06212
13245,-0.04733,-0.10012
13267,-0.01953,-0.08939
13289,-0.03793,-0.08853
13311,0.00327,-0.07973
13334,0.05025,-0.04676
13356,-0.03331,-0.09476
13378,-0.02549,-0.09866
13400,0.02694,-0.05868
13423,-0.01875,-0.0663
13445,-0.10832,-0.1405
13467,-0.01556,-0.06603
13489,-0.09285,-0.14553
13512,-0.02549,-0.09866
13535,0.01321,-0.19158
13557,-0.00451,-0.07973
13579,-0.01861,-0.09402
13601,-0.00296,-0.08714
13624,-0.08356,-0.10807
13646,0.01464,-0.1113
13668,-0.00683,-0.07662
13690,-0.01821,-0.09885
13713,0.05398,-0.0543
13735,-0.09052,-0.12369
13758,-0.02073,-0.1058
13779,0.02795,-0.17595
13802,0.02745,-0.05848
13824,-0.01861,-0.09402
13847,0.00682,-0.07238
13868,-0.11063,-0.13739
13891,-0.01861,-0.09402
13913,0.00617,-0.07165
13936,-0.09699,-0.13315
13957,0.01047,-0.06206
13980,-0.00927,-0.07258
14003,-0.01861,-0.09402
14025,-0.09718,-0.11826
14048,-0.03777,-0.09747
14069,-0.01861,-0.09402
14092,0.00795,-0.069
14114,-0.01314,-0.06411
14137,-0.02136,-0.08012
14158,-0.10822,-0.13547
14181,-0.00492,-0.0749
14203,-0.13459,-0.14858
14226,-0.12299,-0.14514
14248,-0.00309,-0.08416
14270,-0.00046,-0.07218
14292,-0.05471,-0.10495
14315,-0.01386,-0.10117
14337,0.00332,-0.06278
14359,-0.0408,-0.10462
14381,-0.02205,-0.09634
14404,0.00953,-0.08032
14426,-0.00016,-0.08204
14448,-0.01821,-0.09885
14470,0.04831,-0.15815
14493,-0.09385,-0.12097
14516,-0.02136,-0.08012
14538,-0.01513,-0.07682
14560,0.03577,-0.06629
14582,0.00362,-0.07264
14605,0.01461,-0.07238
14627,-0.02852,-0.10581
14649,-0.06696,-0.10767
14671,-0.08343,-0.10899
14694,-0.0177,-0.09866
14716,-0.11469,-0.14494
14739,0.03752,-0.05563
14760,-0.01477,-0.09654
14783,-0.00091,-0.08635
14805,-0.07738,-0.11965
14828,-0.0264,-0.09402
14849,0.00454,-0.07728
14872,0.02229,-0.0465
14894,-0.0003,-0.08112
14917,-0.10467,-0.12812
14938,-0.02165,-0.10117
14961,-0.09215,-0.12931
14984,0.02377,-0.09581
15006,-0.04806,-0.08152
15029,-0.85153,-0.29338
15050,0.00078,1.12727
15073,-0.01042,-0.09885
15095,0.02263,-0.03942
15118,0.02207,-0.05656
15139,-0.01821,-0.09885
15162,0.06134,-0.04351
15184,-0.05958,-0.10283
15207,0.00265,-0.05405
15228,-0.12906,-0.15943
15251,-0.01386,-0.10117
15273,-0.08222,-0.12349
15296,-0.10682,-0.13395
15318,-0.01477,-0.09654
15340,0.017,-0.0645
15362,-0.04198,-0.09608
15385,-0.0177,-0.09866
15407,0.01173,-0.05755
15429,-0.09164,-0.12911
15451,-0.02589,-0.09383
15474,0.01147,-0.08456
15497,0.00596,-0.08171
15519,0.00473,-0.09217
15541,-0.11461,-0.13395
15563,-0.02205,-0.09634
15586,-0.11308,-0.13335
15608,0.00134,-0.07549
15630,-0.02549,-0.09866
15652,-0.08912,-0.12216
15675,0.01488,-0.07628
15697,-0.02355,-0.10289
15720,0.01829,-0.06801
15741,-0.0867,-0.12025
15764,-0.02549,-0.09866
15786,0.03945,-0.05987
15809,-0.10669,-0.13487
15830,0.02309,-0.05616
15853,0.02013,-0.13909
15875,-0.1242,-0.13064
15898,0.0499,-0.17152
15919,-0.00678,-0.05967
15942,-0.02205,-0.09634
15964,-0.0176,-0.06682
15987,-0.11934,-0.13276
16010,-0.03358,-0.0888
16031,-0.08858,-0.12792
16054,0.03762,-0.0506
16076,-0.01386,-0.10117
16099,0.01569,-0.08595
16120,-0.11356,-0.13951
16143,0.00018,-0.19059
16165,0.00174,-0.08032
16188,-0.02205,-0.09634
16209,0.00797,-0.07496
16232,-0.0329,-0.09959
16254,-0.02205,-0.09634
16277,0.01292,-0.06609
16299,-0.125,-0.15189
16321,-0.02205,-0.09634
16343,0.01566,-0.07999
16366,-0.00035,-0.06715
16388,-0.02549,-0.09866
16410,-0.05635,-0.11058
16432,0.00942,-0.05444
16455,-0.01365,-0.06431
16478,0.00858,-0.15445
16499,-0.01518,-0.09171
16522,-0.11359,-0.13355
16544,0.02108,-0.06291
16567,-0.01861,-0.09402
16589,0.02197,-0.06159
16611,-0.00844,-0.05934
16633,-0.02401,-0.0882
16656,-0.00296,-0.08714
16678,-0.11802,-0.14222
16700,-0.01861,-0.09402
16722,-0.11479,-0.14997
16745,0.04327,-0.05642
16767,0.05673,-0.0682
16790,0.01622,-0.06079
16811,-0.01133,-0.09422
16834,0.05527,-0.17344
16856,-0.03935,-0.0841
16879,-0.01821,-0.09885
16900,0.04039,-0.18813
16923,0.01541,-0.05113
16945,-0.01821,-0.09885
16968,-0.10983,-0.14705
16991,-0.01464,-0.07066
17012,-0.01609,-0.08707
17035,0.0296,-0.08561
17057,0.01114,-0.06874
17080,-0.10832,-0.1405
17101,-0.00736,-0.07086
17124,-0.01152,-0.11024
17146,0.04719,-0.07886
17169,0.00182,-0.06934
17190,-0.02549,-0.09866
17213,-0.00162,-0.07165
17235,-0.06898,-0.11442
17258,-0.01861,-0.09402
17280,-0.0042,-0.06669
17302,0.02317,-0.04517
17324,-0.02114,-0.10097
17347,0.0304,-0.06437
17369,0.01853,-0.06391
17391,-0.11428,-0.14977
17413,-0.00331,-0.06331
17436,-0.01093,-0.09905
17459,-0.13048,-0.155
17480,0.02162,-0.07072
17503,-0.10094,-0.13567
17525,-0.07827,-0.12097
17548,0.00212,-0.0792
17570,-0.01133,-0.09422
17592,-0.02671,-0.17298
17614,-0.00057,-0.07721
17637,-0.0087,-0.08224
17659,-0.08332,-0.13487
17681,-0.00967,-0.06775
17703,0.01104,-0.07377
17726,-0.07928,-0.15228
17748,-0.00768,-0.11275
17771,0.02119,-0.05994
17792,-0.05536,-0.10422
17815,-0.01912,-0.09422
17837,-0.11216,-0.13799
17860,-0.05152,-0.10674
17881,-0.02458,-0.10329
17904,-0.00613,-0.0604
17926,-0.02039,-0.06987
17949,-0.01477,-0.09654
17971,-0.00946,-0.0886
17993,-0.10376,-0.13276
18016,-0.01033,-0.15174
18038,0.00719,-0.07125
18061,-0.02044,-0.08476
18082,0.00043,-0.07086
18105,-0.1076,-0.13024
18127,-0.01861,-0.09402
18150,-0.07746,-0.13063
18171,-0.06962,-0.11369
18194,-0.01174,-0.08939
18216,0.04963,-0.05199
18239,-0.09447,-0.1262
18261,0.03126,-0.05504
18283,0.03687,-0.0549
18305,-0.08283,-0.12872
18328,0.00596,-0.08171
18350,0.00698,-0.08131
18372,-0.01861,-0.09402
18394,-0.10204,-0.11614
18417,-0.00543,-0.07509
18440,-0.01082,-0.09402
18461,0.02022,-0.04134
18484,-0.12358,-0.12541
18506,-0.02458,-0.10329
18529,-0.11053,-0.13236
18551,-0.01795,-0.0739
18573,-0.02205,-0.09634
18595,-0.07352,0.04932
18618,-0.09831,-0.12369
18640,-0.07244,-0.11078
18662,0.01233,-0.07728
18684,-0.02458,-0.10329
18707,-0.07516,-0.10284
18729,0.01131,-0.07767
18752,-0.01477,-0.09654
18773,-0.00097,-0.07238
18796,-0.09304,-0.13064
18818,-0.01861,-0.09402
18841,-0.09202,-0.13024
18862,-0.022,-0.08145
18885,-0.01386,-0.10117
18907,-0.01784,-0.06887
18930,0.00937,-0.07344
18952,-0.10945,-0.14593
18974,-0.00586,-0.06431
18997,-0.03237,-0.10329
19019,0.0235,-0.06099
19042,0.02404,-0.09971
19063,0.01676,-0.09951
19086,-0.00876,-0.07238
19108,-0.04926,-0.09794
19131,-0.02114,-0.10097
19152,0.06134,-0.04351
19175,-0.00514,-0.05405
19197,-0.01174,-0.08939
19220,-0.13279,-0.14983
19242,-0.17981,-0.08617
19264,0.02229,-0.0465
19286,-0.08458,-0.13937
19309,-0.01335,-0.10097
19331,-0.11206,-0.13296
19353,0.01491,-0.08224
19375,-0.01133,-0.09422
19398,0.00644,-0.07556
19420,-0.08195,-0.12739
19443,-0.02297,-0.09171
19465,0.04603,-0.04537
19487,-0.07585,-0.14996
19510,-0.01112,-0.11507
19532,-0.13806,-0.14289
19554,0.00867,-0.05875
19576,-0.09333,-0.15168
19599,-0.00451,-0.07973
19621,-0.01386,-0.10117
19643,0.01944,-0.06854
19665,-0.07333,-0.1121
19688,-0.01225,-0.08959
19710,-0.09729,-0.12329
19733,0.0167,-0.05464
19754,-0.02205,-0.09634
19777,-0.09666,-0.14897
19799,0.02409,-0.04981
19822,-0.01861,-0.09402
19843,-0.05098,-0.11044
