t_ms,eps_a_brut,eps_g_brut,eps_a_filtre,eps_g_filtre
1,-0.08089,-0.01733,-0.08089,-0.01733
26,-0.23358,0.00283,-0.23358,0.00283
51,-0.23416,-0.03926,-0.23358,-0.01733
74,-0.3607,-0.33817,-0.23416,-0.03926
99,-0.1644,-0.07929,-0.23416,-0.07929
122,0.01038,-0.15776,-0.1644,-0.15776
147,-0.04955,-0.11488,-0.04955,-0.11488
171,-0.02489,-0.15134,-0.02489,-0.15134
195,-0.01387,-0.15908,-0.02489,-0.15134
220,-0.03378,-0.12977,-0.02489,-0.15134
244,-0.15814,-0.07988,-0.03378,-0.12977
268,-0.19233,-0.08704,-0.15814,-0.08704
292,-0.02115,-0.15889,-0.15814,-0.08704
317,0.0027,-0.15273,-0.02115,-0.15273
340,-0.00813,-0.15988,-0.00813,-0.15889
365,-0.10028,-0.08259,-0.00813,-0.15273
389,-0.15875,-0.08511,-0.10028,-0.08511
413,-0.05299,-0.11719,-0.10028,-0.08511
438,0.01987,-0.16609,-0.05299,-0.11719
461,-0.14994,-0.08471,-0.05299,-0.11719
486,-0.0145,-0.1334,-0.0145,-0.1334
510,-0.0234,-0.20065,-0.0234,-0.1334
534,-0.02228,-0.16431,-0.02228,-0.16431
558,-0.02126,-0.16392,-0.02228,-0.16431
583,-0.29405,-0.1732,-0.02228,-0.16431
607,-0.00976,-0.1655,-0.02126,-0.1655
631,-0.01481,-0.1794,-0.01481,-0.1732
655,-0.01791,-0.13962,-0.01481,-0.1655
679,-0.01637,-0.05637,-0.01637,-0.13962
704,-0.04449,-0.04922,-0.01791,-0.05637
727,-0.0247,-0.16623,-0.0247,-0.05637
752,-0.01514,-0.16359,-0.0247,-0.16359
777,-0.01167,-0.16722,-0.01514,-0.16623
800,-0.01782,-0.1616,-0.01514,-0.16359
825,0.00918,-0.17417,-0.01167,-0.16722
849,-0.05683,-0.11468,-0.01782,-0.1616
873,-0.00968,-0.18543,-0.00968,-0.17417
897,-0.02282,-0.15856,-0.02282,-0.15856
922,-0.02674,-0.16703,-0.02282,-0.16703
946,-0.02059,-0.17265,-0.02282,-0.16703
970,-0.04915,-0.11971,-0.02674,-0.16703
995,-0.0147,-0.17437,-0.02059,-0.17265
1018,-0.00321,-0.17596,-0.0147,-0.17437
1043,1.4187,-1.09604,-0.00321,-0.17596
1067,-0.17573,-0.08664,-0.00321,-0.17596
1091,-0.06229,-0.09284,-0.06229,-0.09284
1116,-0.02574,-0.19158,-0.06229,-0.09284
1140,0.00845,-0.15352,-0.02574,-0.15352
1164,-0.05299,-0.11719,-0.02574,-0.15352
1188,-0.02331,-0.10289,-0.02331,-0.11719
1213,-0.05299,-0.11719,-0.05299,-0.11719
1236,-0.17232,-0.07836,-0.05299,-0.10289
1261,-0.18692,-0.12582,-0.17232,-0.11719
1286,-0.05391,-0.11256,-0.17232,-0.11256
1309,-0.17046,-0.09359,-0.17046,-0.11256
1334,0.01371,-0.16047,-0.05391,-0.11256
1358,-0.09675,-0.1311,-0.09675,-0.1311
1383,-0.04577,-0.07662,-0.04577,-0.1311
1406,-0.29313,-0.17783,-0.09675,-0.1311
1431,-0.00926,-0.10349,-0.04577,-0.10349
1456,-0.17624,-0.08684,-0.17624,-0.10349
1479,-0.00823,-0.16491,-0.00926,-0.10349
1504,-0.01721,-0.15637,-0.01721,-0.15637
1528,-0.02,-0.16147,-0.01721,-0.16147
1552,-0.02846,-0.15273,-0.02,-0.15637
1576,-0.13298,-0.16585,-0.02846,-0.16147
1601,-0.05299,-0.11719,-0.05299,-0.15273
1624,-0.00793,-0.17477,-0.05299,-0.16585
1649,-0.0535,-0.11739,-0.05299,-0.11739
1674,-0.16622,-0.07002,-0.0535,-0.11739
1697,-0.16703,-0.09127,-0.16622,-0.09127
1722,-0.04824,-0.12434,-0.16622,-0.09127
1746,0.01028,-0.16279,-0.04824,-0.12434
1771,-0.01812,-0.15174,-0.01812,-0.15174
1794,-0.05553,-0.18206,-0.01812,-0.16279
1819,-0.1725,-0.09438,-0.05553,-0.15174
1844,-0.04955,-0.11488,-0.05553,-0.11488
1867,0.00643,-0.16027,-0.04955,-0.11488
1892,-0.03607,-0.10581,-0.03607,-0.11488
1916,-0.04297,-0.13129,-0.03607,-0.13129
1940,-0.01026,0.15231,-0.03607,-0.10581
1964,-0.05391,-0.11256,-0.04297,-0.11256
1989,-0.04757,0.0114,-0.04757,0.0114
2013,-0.18725,-0.07909,-0.05391,-0.07909
2037,-0.04187,-0.1199,-0.04757,-0.07909
2062,-0.16756,-0.08551,-0.16756,-0.08551
2086,-0.1525,-0.16837,-0.1525,-0.1199
2110,-0.02422,-0.16008,-0.1525,-0.16008
2134,-0.02712,-0.13724,-0.02712,-0.16008
2159,-0.16773,-0.07658,-0.02712,-0.13724
2183,-0.01178,-0.17225,-0.02712,-0.13724
2207,-0.04955,-0.11488,-0.04955,-0.11488
2232,-0.14852,-0.08915,-0.04955,-0.11488
2255,-0.0311,-0.1029,-0.04955,-0.1029
2280,-0.05391,-0.11256,-0.05391,-0.1029
2304,-0.01742,-0.16643,-0.0311,-0.11256
2328,-0.16029,-0.0548,-0.05391,-0.11256
2353,0.00208,-0.15796,-0.01742,-0.15796
2377,-0.02189,-0.10733,-0.02189,-0.10733
2401,-0.01443,-0.17828,-0.01443,-0.15796
2425,-0.0244,-0.1761,-0.02189,-0.1761
2450,-0.21087,-0.05024,-0.0244,-0.1761
2474,-0.04955,-0.11488,-0.04955,-0.11488
2498,0.00936,-0.15815,-0.04955,-0.11488
2523,-0.03422,-0.09218,-0.03422,-0.11488
2547,-0.01664,-0.17014,-0.01664,-0.15815
2571,-0.16224,-0.13528,-0.03422,-0.13528
2595,0.0027,-0.15273,-0.01664,-0.15273
2620,-0.04541,-0.04459,-0.04541,-0.13528
2643,-0.00987,-0.17053,-0.00987,-0.15273
2668,-0.01008,-0.18059,-0.01008,-0.17053
2693,0.00968,-0.14306,-0.00987,-0.17053
2716,-0.04955,-0.11488,-0.01008,-0.14306
2741,-0.07159,0.07394,-0.04955,-0.11488
2765,-0.05287,-0.06041,-0.05287,-0.06041
2789,-0.04955,-0.11488,-0.05287,-0.06041
2813,-0.11458,0.79104,-0.05287,-0.06041
2838,1.34498,-1.02761,-0.04955,-0.11488
2861,-0.01006,-0.15564,-0.01006,-0.15564
2886,-0.10619,-0.044,-0.01006,-0.15564
2911,-0.02884,-0.15386,-0.02884,-0.15386
2934,-0.02564,-0.15564,-0.02884,-0.15386
2959,-0.05047,-0.11024,-0.02884,-0.15386
2983,-0.02196,-0.14922,-0.02564,-0.14922
3008,-0.05003,-0.15605,-0.05003,-0.14922
3031,-0.01258,-0.16259,-0.02196,-0.15605
3056,-0.05543,-0.14612,-0.05003,-0.15605
3081,0.02056,-0.14988,-0.01258,-0.14988
3104,0.04805,-0.21811,0.02056,-0.14988
3129,-0.02373,-0.15392,0.02056,-0.15392
3153,-0.04955,-0.11488,-0.02373,-0.15392
3177,-0.00439,-0.16742,-0.02373,-0.15392
3201,-0.15725,-0.07856,-0.04955,-0.11488
3226,-0.05482,-0.10793,-0.05482,-0.10793
3250,0.68421,-0.59513,-0.05482,-0.10793
3274,-0.04955,-0.11488,-0.04955,-0.11488
3299,-0.01514,-0.16359,-0.01514,-0.16359
3322,-0.15631,-0.08915,-0.04955,-0.11488
3347,-0.03018,-0.16935,-0.03018,-0.16359
3371,-0.18454,-0.08704,-0.15631,-0.08915
3396,-0.00871,-0.20197,-0.03018,-0.16935
3420,0.00783,-0.15875,-0.00871,-0.15875
3444,-0.06556,0.00948,-0.00871,-0.15875
3469,-0.06159,-0.10753,-0.06159,-0.10753
3492,-0.02561,-0.1616,-0.06159,-0.10753
3517,-0.02782,-0.15346,-0.02782,-0.15346
3541,-0.40859,-0.39741,-0.02782,-0.1616
3565,-0.01592,-0.15988,-0.02782,-0.15988
3590,-0.01847,-0.16087,-0.01847,-0.16087
3614,-0.09497,-0.04169,-0.01847,-0.15988
3638,-0.03647,-0.13189,-0.03647,-0.13189
3662,-0.01116,-0.16703,-0.03647,-0.13189
3687,-0.10099,-0.12376,-0.03647,-0.13189
3710,-0.04571,-0.11739,-0.04571,-0.12376
3735,-0.06475,-0.00018,-0.06475,-0.11739
3760,-0.17777,-0.08743,-0.06475,-0.08743
3783,-0.05391,-0.11256,-0.06475,-0.08743
3808,-0.025,-0.15637,-0.05391,-0.11256
3832,-0.17807,-0.07757,-0.05391,-0.11256
3857,-0.18424,-0.0969,-0.17807,-0.0969
3880,-0.17087,-0.08875,-0.17807,-0.08875
3905,-0.16973,-0.11424,-0.17087,-0.0969
3929,-0.06053,-0.17901,-0.16973,-0.11424
3953,-0.0419,-0.00038,-0.06053,-0.11424
3978,-0.02217,-0.15928,-0.0419,-0.15928
4002,-0.16552,-0.08472,-0.0419,-0.08472
4026,-0.06199,-0.1027,-0.06199,-0.1027
4050,-0.18494,-0.08221,-0.16552,-0.08472
4075,0.01368,-0.15451,-0.06199,-0.1027
4098,-0.06452,-0.10965,-0.06452,-0.10965
4123,-0.21018,-0.14965,-0.06452,-0.14965
4148,-0.05299,-0.11719,-0.06452,-0.11719
4171,-0.26748,-0.13186,-0.21018,-0.13186
4196,-0.03614,-0.1477,-0.05299,-0.13186
4220,-0.02534,-0.16551,-0.03614,-0.1477
4245,-0.01105,-0.162,-0.02534,-0.162
4268,-0.03763,-0.09634,-0.02534,-0.162
4293,0.00957,-0.14809,-0.01105,-0.14809
4318,-0.02612,-0.1618,-0.02612,-0.14809
4341,-0.05391,-0.11256,-0.02612,-0.14809
4366,-0.19767,-0.12198,-0.05391,-0.12198
4390,0.00015,-0.15372,-0.05391,-0.12198
4414,-0.023,-0.17457,-0.023,-0.15372
4438,-0.03483,-0.15717,-0.023,-0.15717
4463,-0.15378,-0.0822,-0.03483,-0.15717
4487,-0.17737,-0.09226,-0.15378,-0.09226
4511,-0.05299,-0.11719,-0.15378,-0.09226
4536,-0.04955,-0.11488,-0.05299,-0.11488
4559,0.0027,-0.15273,-0.04955,-0.11719
4584,-0.01833,-0.1618,-0.01833,-0.15273
4608,-0.09967,-0.13322,-0.01833,-0.15273
4632,-0.02008,-0.17245,-0.02008,-0.1618
4657,-0.05299,-0.11719,-0.05299,-0.13322
4681,-0.07829,-0.0303,-0.05299,-0.11719
4705,-0.09771,-0.02779,-0.07829,-0.0303
4729,-0.16815,-0.0967,-0.09771,-0.0303
4754,-0.01059,-0.18079,-0.09771,-0.0967
4777,-0.04429,-0.12182,-0.04429,-0.12182
4802,-0.00847,-0.16901,-0.01059,-0.16901
4827,-0.02545,-0.17054,-0.02545,-0.16901
4851,-0.05796,-0.00654,-0.02545,-0.16901
4875,-0.02196,-0.14922,-0.02545,-0.14922
4899,-0.03262,-0.16531,-0.03262,-0.14922
4924,-0.13759,-0.07697,-0.03262,-0.14922
4947,-0.01742,-0.16643,-0.03262,-0.16531
4972,-0.0427,0.00928,-0.0427,-0.07697
4997,-0.04175,-0.06312,-0.04175,-0.06312
5020,-0.01089,-0.17093,-0.04175,-0.06312
5045,-0.21052,-0.07407,-0.04175,-0.07407
5069,-0.14157,-0.15824,-0.14157,-0.15824
5093,-0.04612,-0.11256,-0.14157,-0.11256
5117,-0.06677,-0.00693,-0.06677,-0.11256
5142,-0.07181,-0.02083,-0.06677,-0.02083
5165,-0.12537,-0.0683,-0.07181,-0.02083
5190,-0.15203,-0.10245,-0.12537,-0.0683
5215,0.00453,-0.1929,-0.12537,-0.10245
5238,-0.01973,-0.16332,-0.01973,-0.16332
5263,-0.01613,-0.16994,-0.01613,-0.16994
5287,-0.02309,-0.15465,-0.01973,-0.16332
5312,-0.14651,-0.05149,-0.02309,-0.15465
5335,-0.06452,-0.10965,-0.06452,-0.10965
5360,-0.15188,-0.08048,-0.14651,-0.08048
5385,-0.00998,-0.17556,-0.06452,-0.10965
5408,-0.04955,-0.11488,-0.04955,-0.11488
5433,0.01124,-0.15048,-0.00998,-0.15048
5457,-0.04915,-0.11971,-0.04915,-0.11971
5481,-0.16187,-0.10325,-0.04915,-0.11971
5505,0.00845,-0.15352,-0.04915,-0.11971
5530,-0.04571,-0.11739,-0.04571,-0.11739
5555,-0.01844,-0.16683,-0.01844,-0.15352
5578,-0.01857,-0.19681,-0.01857,-0.16683
5603,-0.1656,-0.0957,-0.01857,-0.16683
5627,-0.02534,-0.16551,-0.02534,-0.16551
5651,-0.17783,-0.07347,-0.1656,-0.0957
5675,-0.01804,-0.17166,-0.02534,-0.16551
5700,-0.0111,-0.18099,-0.01804,-0.17166
5724,-0.05501,-0.09304,-0.01804,-0.17166
5748,-0.17584,-0.09167,-0.05501,-0.09304
5773,-0.06331,-0.12414,-0.06331,-0.09304
5796,0.00745,-0.15987,-0.06331,-0.12414
5821,-0.015,-0.16451,-0.015,-0.15987
5845,-0.03249,-0.16623,-0.015,-0.16451
5869,-0.03542,-0.13744,-0.03249,-0.16451
5894,-0.16257,-0.08856,-0.03542,-0.13744
5918,-0.16114,-0.09299,-0.16114,-0.09299
5942,-0.03495,-0.10038,-0.16114,-0.09299
5966,-0.04955,-0.11488,-0.04955,-0.10038
5991,-0.01078,-0.1659,-0.03495,-0.11488
6015,-0.01836,-0.15584,-0.01836,-0.15584
6039,-0.05047,-0.11024,-0.01836,-0.15584
6064,-0.03289,-0.1614,-0.03289,-0.15584
6088,-0.05391,-0.11256,-0.05047,-0.11256
6112,-0.0177,-0.21839,-0.03289,-0.1614
6136,-0.05451,-0.03513,-0.05391,-0.11256
6161,-0.11266,-0.05347,-0.05451,-0.05347
6184,-0.01879,-0.17596,-0.05451,-0.05347
6209,-0.02075,-0.16372,-0.02075,-0.16372
6233,-0.025,-0.15637,-0.02075,-0.16372
6257,-0.12628,-0.06161,-0.025,-0.15637
6282,-0.04842,-0.14036,-0.04842,-0.14036
6306,-0.01409,-0.16914,-0.04842,-0.14036
6330,-0.1724,-0.05639,-0.04842,-0.14036
6354,-0.18221,-0.06519,-0.1724,-0.06519
6379,-0.0233,-0.16471,-0.1724,-0.06519
6403,0.01291,-0.15081,-0.0233,-0.15081
6427,-0.02408,-0.161,-0.0233,-0.161
6452,-0.17522,-0.08644,-0.02408,-0.15081
6476,-0.18564,-0.09842,-0.17522,-0.09842
6500,-0.03738,-0.15816,-0.17522,-0.09842
6524,-0.04663,-0.11276,-0.04663,-0.11276
6549,-0.08586,-0.05115,-0.04663,-0.11276
6572,-0.14943,-0.08452,-0.08586,-0.08452
6597,-0.04915,-0.11971,-0.08586,-0.08452
6622,-0.05848,-0.0894,-0.05848,-0.0894
6645,-0.00467,0.42056,-0.04915,-0.0894
6670,-0.17584,-0.09167,-0.05848,-0.0894
6694,-0.03585,-0.15757,-0.03585,-0.09167
6718,-0.02996,-0.15929,-0.03585,-0.15757
6742,-0.06,-0.00733,-0.03585,-0.15757
6767,-0.04955,-0.11488,-0.04955,-0.11488
6791,-0.01726,-0.17537,-0.04955,-0.11488
6815,0.0031,-0.15756,-0.01726,-0.15756
6840,-0.0535,-0.11739,-0.01726,-0.15756
6863,-0.16399,-0.08412,-0.0535,-0.11739
6888,-0.16582,-0.07486,-0.16399,-0.08412
6912,-0.05027,-0.1581,-0.16399,-0.08412
6937,-0.17178,-0.08412,-0.16582,-0.08412
6961,-0.19142,-0.06076,-0.17178,-0.08412
6985,0.14116,0.18741,-0.17178,-0.06076
7010,-0.04571,-0.11739,-0.04571,-0.06076
7033,-0.05299,-0.11719,-0.04571,-0.11719
7058,0.16628,-0.23947,-0.04571,-0.11739
7082,-0.0534,-0.11236,-0.05299,-0.11719
7106,-0.15916,-0.08028,-0.0534,-0.11236
7131,-0.16622,-0.10093,-0.15916,-0.10093
7155,-0.00847,-0.16901,-0.15916,-0.10093
7179,-0.00238,-0.16067,-0.00847,-0.16067
7203,-0.02755,-0.15737,-0.00847,-0.16067
7228,-0.01511,-0.16954,-0.01511,-0.16067
7251,-0.17116,-0.07889,-0.02755,-0.15737
7276,-0.0534,-0.11236,-0.0534,-0.11236
7301,-0.00299,-0.1659,-0.0534,-0.11236
7325,-0.1562,-0.08412,-0.0534,-0.11236
7349,-0.01888,-0.12513,-0.01888,-0.12513
7373,-0.16117,-0.08703,-0.1562,-0.08703
7398,-0.02217,-0.15928,-0.02217,-0.12513
7421,-0.01227,-0.11659,-0.02217,-0.11659
7446,-0.04612,-0.11256,-0.02217,-0.11659
7470,-0.04955,-0.11488,-0.04612,-0.11488
7494,-0.32948,-0.26536,-0.04955,-0.11488
7519,-0.05299,-0.11719,-0.05299,-0.11719
7543,-0.02717,-0.15624,-0.05299,-0.15624
7568,-0.02924,-0.14903,-0.02924,-0.14903
7591,-0.1871,-0.02621,-0.02924,-0.14903
7616,-0.00592,-0.16802,-0.02924,-0.14903
7640,-0.025,-0.15637,-0.025,-0.15637
7664,-0.03136,-0.16081,-0.025,-0.16081
7689,-0.13963,-0.07776,-0.03136,-0.15637
7713,-0.0534,-0.11236,-0.0534,-0.11236
7737,-0.14068,-0.0413,-0.13963,-0.07776
7761,0.00345,-0.15048,-0.0534,-0.11236
7786,-0.05299,-0.11719,-0.05299,-0.11719
7809,-1.08233,-0.66107,-0.05299,-0.15048
7834,-0.05299,-0.11719,-0.05299,-0.11719
7859,-0.02548,-0.13367,-0.05299,-0.13367
7882,-0.02156,-0.15405,-0.02548,-0.13367
7907,-0.14245,-0.07485,-0.02548,-0.13367
7931,-0.01965,-0.15233,-0.02156,-0.15233
7956,-0.02838,-0.17265,-0.02838,-0.15233
7979,-0.01865,-0.17689,-0.01965,-0.17265
8004,-0.0254,-0.15154,-0.0254,-0.17265
8029,-0.1381,-0.07717,-0.0254,-0.15154
8052,-0.02797,-0.17749,-0.02797,-0.15154
8077,-0.11559,-0.05559,-0.11559,-0.07717
8101,-0.11307,-0.04864,-0.11307,-0.05559
8125,-0.1562,-0.08412,-0.11559,-0.05559
8149,-0.04955,-0.11488,-0.11307,-0.08412
8174,-0.02789,-0.1665,-0.04955,-0.11488
8198,-0.00622,-0.15816,-0.02789,-0.15816
8222,0.02824,0.25378,-0.00622,-0.15816
8247,-0.02916,-0.13804,-0.00622,-0.13804
8270,-0.04571,-0.11739,-0.02916,-0.11739
8295,-0.16662,-0.0961,-0.04571,-0.11739
8319,-0.0106,-0.14988,-0.04571,-0.11739
8344,-0.01568,-0.12281,-0.01568,-0.12281
8368,-0.09435,-0.15003,-0.01568,-0.14988
8392,-0.04915,-0.11971,-0.04915,-0.12281
8417,-0.16066,-0.08683,-0.09435,-0.11971
8440,-0.0128,-0.17265,-0.04915,-0.11971
8465,-0.05391,-0.11256,-0.05391,-0.11256
8489,-0.02222,-0.17828,-0.02222,-0.17265
8513,-0.09193,-0.03454,-0.05391,-0.11256
8537,-0.03554,-0.08271,-0.03554,-0.08271
8562,-0.01509,-0.14459,-0.03554,-0.08271
8587,-0.04955,-0.11488,-0.03554,-0.11488
8610,-0.03162,-0.18986,-0.03162,-0.14459
8635,-0.05656,-0.00501,-0.04955,-0.11488
8659,-0.14487,-0.07677,-0.05656,-0.07677
8683,-0.02177,-0.16412,-0.05656,-0.07677
8707,-0.04915,-0.11971,-0.04915,-0.11971
8732,-0.03273,-0.17034,-0.03273,-0.16412
8756,-0.01481,-0.1794,-0.03273,-0.17034
8780,-0.05391,-0.11256,-0.03273,-0.17034
8805,-0.25348,-0.03172,-0.05391,-0.11256
8828,-0.05299,-0.11719,-0.05391,-0.11256
8853,-0.00085,-0.16007,-0.05299,-0.11719
8877,-0.02725,-0.16723,-0.02725,-0.16007
8902,-0.01876,-0.15101,-0.01876,-0.16007
8926,-0.0318,-0.11911,-0.02725,-0.15101
8950,-0.1614,-0.03528,-0.0318,-0.11911
8975,-0.16501,-0.08452,-0.1614,-0.08452
8998,-0.01935,-0.1622,-0.1614,-0.08452
9023,-0.0531,-0.12222,-0.0531,-0.12222
9047,-0.13316,-0.0683,-0.0531,-0.12222
9071,-0.01403,-0.18311,-0.0531,-0.12222
9096,-0.87549,-0.53581,-0.13316,-0.18311
9120,0.01116,-0.16146,-0.01403,-0.18311
9144,-0.03028,-0.17438,-0.03028,-0.17438
9168,-0.03936,-0.17087,-0.03028,-0.17087
9193,-0.01772,-0.15657,-0.03028,-0.17087
9216,-0.06452,-0.10965,-0.03936,-0.15657
9241,-0.03989,-0.10925,-0.03989,-0.10965
9266,-0.0726,-0.09979,-0.06452,-0.10925
9290,-0.01742,-0.16643,-0.03989,-0.10925
9314,-0.05808,-0.18305,-0.05808,-0.16643
9338,-0.16681,-0.08121,-0.05808,-0.16643
9363,-0.01336,-0.15888,-0.05808,-0.15888
9386,-0.17968,-0.08915,-0.16681,-0.08915
9411,-0.17651,-0.05202,-0.17651,-0.08915
9436,-0.024,-0.15002,-0.17651,-0.08915
9459,-0.04955,-0.11488,-0.04955,-0.11488
9484,-0.01178,-0.17225,-0.024,-0.15002
9508,-0.01407,-0.11328,-0.01407,-0.11488
9532,0.02302,0.59959,-0.01178,-0.11328
9556,-0.02075,-0.16372,-0.01407,-0.11328
9581,-0.05391,-0.11256,-0.02075,-0.11256
9605,0.00531,-0.1657,-0.02075,-0.16372
9629,-0.05104,-0.06967,-0.05104,-0.11256
9654,-0.16308,-0.05785,-0.05104,-0.06967
9677,-0.12771,-0.05923,-0.12771,-0.05923
9702,-0.17342,-0.08975,-0.16308,-0.05923
9726,-0.03059,-0.1027,-0.12771,-0.08975
9751,-0.1807,-0.08955,-0.17342,-0.08975
9774,-0.13864,-0.07141,-0.13864,-0.08955
9799,-0.00807,-0.17384,-0.13864,-0.08955
9824,-0.01503,-0.15855,-0.01503,-0.15855
9847,-0.03362,-0.17166,-0.01503,-0.17166
9872,-0.13238,-0.0411,-0.03362,-0.15855
9896,-0.04571,-0.11739,-0.04571,-0.11739
9920,-0.14057,-0.06717,-0.13238,-0.06717
9944,-0.02988,-0.17921,-0.04571,-0.11739
9969,0.53569,-0.47563,-0.02988,-0.17921
9993,-0.17189,-0.08915,-0.02988,-0.17921
10017,-0.17138,-0.08895,-0.17138,-0.08915
10042,-0.03907,-0.0342,-0.17138,-0.08895
10066,-0.02161,-0.17305,-0.03907,-0.08895
10090,-0.01844,-0.16683,-0.02161,-0.16683
10114,0.00912,-0.16226,-0.01844,-0.16683
10139,-0.04955,-0.11488,-0.01844,-0.16226
10164,-0.04632,-0.03996,-0.04632,-0.11488
10187,-0.01825,-0.15081,-0.04632,-0.11488
10212,-0.04955,-0.11488,-0.04632,-0.11488
10236,-0.00643,-0.16822,-0.01825,-0.15081
10260,-0.15913,-0.08624,-0.04955,-0.11488
10284,-0.02,-0.16147,-0.02,-0.16147
10309,-0.01428,-0.15425,-0.02,-0.15425
10334,-0.04955,-0.11488,-0.02,-0.15425
10357,-0.0146,-0.16934,-0.0146,-0.15425
10382,-0.04731,-0.07722,-0.04731,-0.11488
10406,-0.05517,0.32048,-0.04731,-0.07722
10431,0.00157,-0.15816,-0.04731,-0.07722
10454,-0.0081,-0.16583,-0.0081,-0.15816
10479,-0.13041,-0.1131,-0.0081,-0.15816
10504,-0.04354,-0.09072,-0.04354,-0.1131
10527,-0.06119,-0.11236,-0.06119,-0.11236
10552,-0.14879,-0.08524,-0.06119,-0.09072
10576,-0.04915,-0.11971,-0.06119,-0.11236
10601,-0.01207,-0.16239,-0.04915,-0.11971
10624,-0.08168,-0.1313,-0.04915,-0.1313
10649,-0.08848,-0.08993,-0.08168,-0.1313
10674,-0.02454,-0.17517,-0.08168,-0.1313
10698,-0.17682,-0.12893,-0.08848,-0.12893
10722,-0.01855,-0.17186,-0.02454,-0.17186
10746,-0.03654,-0.17378,-0.03654,-0.17186
10771,-0.05299,-0.11719,-0.03654,-0.17186
10795,-0.17452,-0.10113,-0.05299,-0.11719
10819,-0.02166,-0.15909,-0.05299,-0.11719
10844,-1.10145,-0.66842,-0.17452,-0.15909
10868,-0.09766,-0.12647,-0.09766,-0.15909
10893,-0.05391,-0.11256,-0.09766,-0.12647
10916,-0.17485,-0.05441,-0.09766,-0.11256
10941,-0.00547,-0.15385,-0.05391,-0.11256
10965,-0.05321,-0.09635,-0.05321,-0.09635
10990,-0.21296,-0.21451,-0.05321,-0.15385
11014,-0.01366,-0.14697,-0.05321,-0.14697
11038,-0.01721,-0.15637,-0.01721,-0.15637
11063,-0.02474,-0.09846,-0.01721,-0.14697
11087,0.01634,-0.14849,-0.01721,-0.14849
11111,-0.00522,-0.18271,-0.00522,-0.14849
11135,-0.31376,-0.19173,-0.00522,-0.18271
11160,-0.04979,-0.00541,-0.04979,-0.18271
11184,-0.02905,-0.16392,-0.04979,-0.16392
11208,-0.09457,-0.01561,-0.04979,-0.01561
11233,0.00402,-0.16219,-0.02905,-0.16219
11257,-0.01572,-0.17477,-0.01572,-0.16219
11281,-0.1465,-0.0824,-0.01572,-0.16219
11305,-0.06914,-0.10754,-0.06914,-0.10754
11330,-0.05116,-0.12646,-0.06914,-0.10754
11353,-0.02075,-0.16372,-0.05116,-0.12646
11378,-0.02816,-0.16259,-0.02816,-0.16259
11403,-0.08757,-0.09456,-0.02816,-0.16259
11427,0.26931,-0.32357,-0.02816,-0.16259
11451,-0.08979,-0.11137,-0.08757,-0.11137
11475,-0.01199,-0.18231,-0.01199,-0.18231
11500,-0.02483,-0.16531,-0.02483,-0.16531
11525,-0.05299,-0.11719,-0.02483,-0.16531
11548,-0.08127,-0.13613,-0.05299,-0.13613
11573,-0.14602,-0.07624,-0.08127,-0.11719
11597,-0.16845,-0.08684,-0.14602,-0.08684
11622,-0.18647,-0.0828,-0.16845,-0.0828
11645,-0.05299,-0.11719,-0.16845,-0.08684
11670,-0.10828,-0.09265,-0.10828,-0.09265
11694,-0.00104,-0.14518,-0.05299,-0.11719
11719,-0.02147,-0.17398,-0.02147,-0.14518
11743,-0.03259,-0.17126,-0.02147,-0.17126
11767,-0.05299,-0.11719,-0.03259,-0.17126
11792,-0.08471,-0.13845,-0.05299,-0.13845
11815,-0.15905,-0.07525,-0.08471,-0.11719
11840,-0.15953,-0.08141,-0.15905,-0.08141
11864,-0.16662,-0.0961,-0.15953,-0.08141
11889,-0.16413,-0.08319,-0.16413,-0.08319
11913,-0.01976,-0.15736,-0.16413,-0.0961
11937,-0.12783,-0.08716,-0.12783,-0.08716
11962,-0.03858,-0.17047,-0.03858,-0.15736
11986,-0.17694,-0.07214,-0.12783,-0.08716
12010,-0.25278,-0.04641,-0.17694,-0.07214
12034,-0.1656,-0.0957,-0.17694,-0.07214
12059,-0.16077,-0.09186,-0.1656,-0.09186
12084,-0.04864,-0.11951,-0.16077,-0.0957
12107,-0.17393,-0.05904,-0.16077,-0.09186
12132,-0.12155,-0.06485,-0.12155,-0.06485
12156,-0.15035,-0.04897,-0.15035,-0.05904
12181,-0.01433,-0.17325,-0.12155,-0.06485
12204,-0.04955,-0.11488,-0.04955,-0.11488
12229,-0.03058,-0.16451,-0.03058,-0.16451
12254,-0.14406,-0.08643,-0.04955,-0.11488
12278,-0.0348,-0.13222,-0.0348,-0.13222
12302,-0.17046,-0.09359,-0.14406,-0.09359
12326,-0.04915,-0.11971,-0.04915,-0.11971
12351,-0.15891,-0.10709,-0.15891,-0.10709
12375,-0.01195,-0.13241,-0.04915,-0.11971
12399,-0.05299,-0.11719,-0.05299,-0.11719
12424,0.01833,-0.16669,-0.01195,-0.13241
12448,-0.05987,-0.12183,-0.05299,-0.12183
12472,-0.09516,-0.14036,-0.05987,-0.14036
12496,-0.01245,-0.16352,-0.05987,-0.14036
12521,-0.15722,-0.08452,-0.09516,-0.14036
12545,-0.10195,-0.05135,-0.10195,-0.08452
12569,-0.04915,-0.11971,-0.10195,-0.08452
12594,0.01522,-0.18483,-0.04915,-0.11971
12618,-0.13769,-0.11291,-0.04915,-0.11971
12643,-0.05299,-0.11719,-0.05299,-0.11719
12666,-0.15964,-0.08644,-0.13769,-0.11291
12691,-0.15982,-0.10245,-0.15964,-0.10245
12715,-0.17358,-0.11172,-0.15982,-0.10245
12740,-0.03499,-0.03261,-0.15982,-0.10245
12764,-0.037,-0.03936,-0.037,-0.03936
12788,-0.1808,-0.09458,-0.037,-0.03936
12813,-0.17767,-0.19597,-0.17767,-0.09458
12836,-0.04955,-0.11488,-0.17767,-0.11488
12861,-0.01127,-0.17206,-0.04955,-0.17206
12885,-0.04005,-0.09826,-0.04005,-0.11488
12910,-0.18803,-0.07539,-0.04005,-0.09826
12934,-0.02137,-0.16895,-0.04005,-0.09826
12958,-0.15236,-0.08663,-0.15236,-0.08663
12983,-0.16267,-0.09358,-0.15236,-0.09358
13007,-0.15185,-0.08644,-0.15236,-0.08663
13031,-0.00802,-0.15485,-0.15185,-0.09358
13055,-0.0027,-0.17576,-0.00802,-0.15485
13080,-0.05047,-0.11024,-0.00802,-0.15485
13104,-0.14201,-0.11655,-0.05047,-0.11655
13128,-0.16015,-0.08664,-0.14201,-0.11024
13153,-0.13284,1.05312,-0.14201,-0.08664
13177,0.04705,-0.16265,-0.13284,-0.08664
13201,-0.03496,-0.15624,-0.03496,-0.15624
13225,-0.10311,-0.13554,-0.03496,-0.15624
13250,-0.13345,-0.05844,-0.10311,-0.13554
13275,-0.02024,-0.16352,-0.10311,-0.13554
13298,-0.05784,-0.03241,-0.05784,-0.05844
13323,-0.04092,-0.1614,-0.04092,-0.1614
13347,-0.0049,-0.16762,-0.04092,-0.1614
13371,-0.14719,-0.0139,-0.04092,-0.1614
13395,-0.09111,-0.10191,-0.09111,-0.10191
13420,0.00176,-0.17305,-0.09111,-0.10191
13445,0.00168,-0.15313,0.00168,-0.15313
13468,-0.10843,-0.02991,0.00168,-0.15313
13493,-0.03295,-0.11858,-0.03295,-0.11858
13517,-1.06379,-0.84439,-0.10843,-0.11858
13542,-0.02048,-0.16762,-0.03295,-0.16762
13565,-0.04612,-0.11256,-0.04612,-0.16762
13590,-0.08811,-0.20854,-0.04612,-0.16762
13614,-0.01796,-0.16067,-0.04612,-0.16067
13639,-0.04955,-0.11488,-0.04955,-0.16067
13663,-0.02792,-0.15849,-0.02792,-0.15849
13687,-0.00758,-0.19654,-0.02792,-0.15849
13712,0.01178,-0.15623,-0.00758,-0.15849
13735,-0.16329,-0.09881,-0.00758,-0.15623
13760,-0.14723,-0.06175,-0.14723,-0.09881
13784,-0.02878,-0.16782,-0.14723,-0.09881
13809,-0.16713,-0.0963,-0.14723,-0.0963
13833,-0.04955,-0.11488,-0.04955,-0.11488
13857,-0.01387,-0.15908,-0.04955,-0.11488
13882,-0.02545,-0.17054,-0.02545,-0.15908
13906,0.00222,-0.15888,-0.01387,-0.15908
13930,-0.02797,-0.17749,-0.02545,-0.17054
13954,-0.0249,-0.09158,-0.0249,-0.15888
13979,-0.05565,-0.00965,-0.02797,-0.09158
14003,-0.02268,-0.15948,-0.0249,-0.09158
14027,-0.07112,-0.00462,-0.05565,-0.00965
14052,-0.00664,-0.17828,-0.02268,-0.15948
14076,-0.05047,-0.11024,-0.05047,-0.11024
14100,-0.16692,-0.08624,-0.05047,-0.11024
14124,0.00112,-0.17027,-0.05047,-0.11024
14149,-0.05299,-0.11719,-0.05299,-0.11719
14174,-0.05734,-0.11488,-0.05299,-0.11719
14197,-0.07604,-0.10211,-0.05734,-0.11488
14222,-0.16955,-0.09822,-0.07604,-0.10211
14246,-0.01782,-0.1616,-0.07604,-0.10211
14270,-0.04955,-0.11488,-0.04955,-0.11488
14294,-0.02045,-0.17358,-0.02045,-0.1616
14319,-0.03303,-0.16048,-0.03303,-0.16048
14344,-0.01957,-0.17226,-0.02045,-0.17226
14367,-0.19064,-0.06242,-0.03303,-0.16048
14392,-0.05775,-0.11005,-0.05775,-0.11005
14416,-0.04515,-0.1023,-0.05775,-0.1023
14441,0.00603,-0.15544,-0.04515,-0.11005
14464,-0.15357,-0.10305,-0.04515,-0.10305
14489,-0.16362,-0.083,-0.15357,-0.10305
14514,0.0139,-0.17536,-0.15357,-0.10305
14537,-0.10806,-0.1135,-0.10806,-0.1135
14562,-0.13071,-0.07233,-0.10806,-0.1135
14586,-0.05299,-0.11719,-0.10806,-0.1135
14611,0.04965,0.26397,-0.05299,-0.07233
14634,0.81483,-0.68062,0.04965,-0.11719
14659,-0.01352,-0.18291,0.04965,-0.18291
14684,-0.17171,-0.04223,-0.01352,-0.18291
14708,0.0242,-0.19336,-0.01352,-0.18291
14732,-0.0291,-0.18291,-0.0291,-0.18291
14756,-0.04955,-0.11488,-0.0291,-0.18291
14781,-0.07021,-0.00925,-0.04955,-0.11488
14804,-0.01626,-0.16901,-0.04955,-0.11488
14829,-0.05391,-0.11256,-0.05391,-0.11256
14854,0.01076,-0.15663,-0.01626,-0.15663
14878,-0.00723,-0.18946,-0.00723,-0.15663
14902,-0.02185,-0.14419,-0.00723,-0.15663
14926,-0.01521,-0.17457,-0.01521,-0.17457
14951,0.00058,-0.16451,-0.01521,-0.16451
14975,-0.13884,1.08072,-0.01521,-0.16451
14999,-0.04842,-0.14036,-0.04842,-0.14036
15024,-0.04955,-0.11488,-0.04955,-0.11488
15048,-0.93828,-0.75033,-0.04955,-0.14036
15073,-0.06671,-0.0477,-0.06671,-0.11488
15096,-0.16015,-0.08664,-0.16015,-0.08664
15121,-0.01044,-0.15677,-0.06671,-0.08664
15145,-0.0168,-0.1612,-0.0168,-0.15677
15170,0.01035,-0.1518,-0.01044,-0.15677
15193,-0.05299,-0.11719,-0.0168,-0.1518
15218,-0.01059,-0.18079,-0.01059,-0.1518
15243,-0.14753,-0.08279,-0.05299,-0.11719
15266,-0.04114,-0.14055,-0.04114,-0.14055
15291,-0.16974,-0.08333,-0.14753,-0.08333
15315,-0.15872,-0.09107,-0.15872,-0.09107
15340,-0.1936,-0.02972,-0.16974,-0.08333
15363,-0.13462,-0.14057,-0.15872,-0.09107
15388,-0.16944,-0.09319,-0.16944,-0.09319
15413,-0.12596,-0.07948,-0.13462,-0.09319
15437,-0.05573,-0.10329,-0.12596,-0.09319
15461,-0.06584,-0.10019,-0.06584,-0.10019
15485,-0.03103,-0.061,-0.05573,-0.10019
15510,-0.05299,-0.11719,-0.05299,-0.10019
15534,-0.05488,-0.06716,-0.05299,-0.06716
15558,-0.00289,-0.16087,-0.05299,-0.11719
15583,0.00392,-0.19813,-0.00289,-0.16087
15607,-0.10367,-0.03705,-0.00289,-0.16087
15631,-0.03747,-0.10733,-0.03747,-0.10733
15655,-0.05102,-0.19331,-0.05102,-0.10733
15680,-0.14003,-0.10384,-0.05102,-0.10733
15704,-0.00557,-0.15683,-0.05102,-0.15683
15728,-0.14087,-0.05731,-0.14003,-0.10384
15753,-0.02873,-0.14883,-0.02873,-0.14883
15777,-0.04178,-0.02626,-0.04178,-0.05731
15802,-0.01895,-0.16703,-0.02873,-0.14883
15825,-0.07311,-0.09999,-0.04178,-0.09999
15850,-0.1827,-0.01159,-0.07311,-0.09999
15874,-0.01833,-0.1618,-0.07311,-0.09999
15898,0.01933,-0.16034,-0.01833,-0.16034
15923,-0.18183,-0.09498,-0.01833,-0.16034
15947,-0.00468,-0.18847,-0.00468,-0.16034
15972,-0.05747,-0.00038,-0.05747,-0.09498
15995,-0.04915,-0.11971,-0.04915,-0.11971
16020,-0.07018,-0.12878,-0.05747,-0.11971
16044,-0.01865,-0.2078,-0.04915,-0.12878
16069,-0.04915,-0.11971,-0.04915,-0.12878
16093,-0.02759,-0.05868,-0.02759,-0.11971
16117,-0.01973,-0.16332,-0.02759,-0.11971
16142,-0.02408,-0.161,-0.02408,-0.161
16165,-0.03415,-0.1659,-0.02408,-0.16332
16190,-0.0294,-0.17305,-0.0294,-0.1659
16214,-0.01613,-0.16994,-0.0294,-0.16994
16239,-0.166,-0.09087,-0.0294,-0.16994
16263,-0.04864,-0.11951,-0.04864,-0.11951
16287,-0.02099,-0.16782,-0.04864,-0.11951
16312,-0.1334,-0.04149,-0.04864,-0.11951
16336,-0.04783,-0.12917,-0.04783,-0.12917
16360,-0.01742,-0.16643,-0.04783,-0.12917
16384,-0.0053,-0.16279,-0.01742,-0.16279
16409,-0.15872,-0.09107,-0.01742,-0.16279
16433,-0.15225,-0.0816,-0.15225,-0.09107
16457,-0.00114,-0.15021,-0.15225,-0.09107
16482,-0.01645,-0.18503,-0.01645,-0.15021
16506,-0.04915,-0.11971,-0.01645,-0.15021
16530,-0.04103,-0.17054,-0.04103,-0.17054
16554,0.00083,-0.19131,-0.04103,-0.17054
16579,-0.04955,-0.11488,-0.04103,-0.17054
16604,-0.0031,-0.17093,-0.0031,-0.17093
16627,-0.15708,-0.11635,-0.04955,-0.11635
16652,-0.13026,-0.06022,-0.13026,-0.11635
16676,-0.01368,-0.17398,-0.13026,-0.11635
16701,-0.83866,-0.54759,-0.13026,-0.17398
16724,-0.04552,-0.16524,-0.04552,-0.17398
16749,-0.04571,-0.11739,-0.04571,-0.16524
16774,-0.96349,-0.53272,-0.04571,-0.16524
16797,-0.0233,-0.16471,-0.04571,-0.16471
16822,-0.04915,-0.11971,-0.04915,-0.16471
16846,-0.06373,0.00021,-0.04915,-0.11971
16871,-0.0128,-0.17265,-0.04915,-0.11971
16894,-0.04955,-0.11488,-0.04955,-0.11488
16919,-0.1976,-0.19366,-0.04955,-0.17265
16944,-0.00691,-0.20528,-0.04955,-0.19366
16968,-0.01736,-0.1804,-0.01736,-0.19366
16992,-0.0212,-0.17788,-0.01736,-0.1804
17016,-0.05218,-0.12686,-0.0212,-0.17788
17041,-0.03153,-0.12302,-0.03153,-0.12686
17065,-0.16242,-0.03567,-0.05218,-0.12302
17089,-0.03603,-0.17358,-0.03603,-0.12302
17113,-0.01731,-0.1614,-0.03603,-0.1614
17138,-0.04571,-0.11739,-0.03603,-0.1614
17162,-0.01392,-0.17808,-0.01731,-0.1614
17186,-0.17788,-0.09246,-0.04571,-0.11739
17211,-0.14643,-0.07141,-0.14643,-0.09246
17235,-0.01772,-0.15657,-0.14643,-0.09246
17259,-0.05724,-0.10985,-0.05724,-0.10985
17283,-0.0208,-0.18271,-0.0208,-0.15657
17308,-0.17664,-0.082,-0.05724,-0.10985
17333,-0.04571,-0.11739,-0.04571,-0.11739
17356,-0.18132,-0.06182,-0.17664,-0.082
17381,-0.04955,-0.11488,-0.04955,-0.11488
17405,-0.03157,-0.20178,-0.04955,-0.11488
17430,-0.1577,-0.09067,-0.04955,-0.11488
17453,-0.04297,-0.13129,-0.04297,-0.13129
17478,-0.16542,-0.07969,-0.1577,-0.09067
17503,-0.14906,-0.08339,-0.14906,-0.08339
17527,-0.02816,-0.16259,-0.14906,-0.08339
17551,-0.14244,-0.10576,-0.14244,-0.10576
17575,-0.01736,-0.1804,-0.02816,-0.16259
17600,-0.16702,-0.12218,-0.14244,-0.12218
17624,-0.07144,-0.13533,-0.07144,-0.13533
17648,-0.1743,-0.09107,-0.16702,-0.12218
17673,-0.07415,-0.01177,-0.07415,-0.09107
17697,-0.04955,-0.11488,-0.07415,-0.09107
17721,-0.0146,-0.16934,-0.04955,-0.11488
17745,-0.15862,-0.08604,-0.04955,-0.11488
17770,-0.05299,-0.11719,-0.05299,-0.11719
17794,0.01558,0.17118,-0.05299,-0.08604
17818,-0.0028,-0.18079,-0.0028,-0.11719
17843,-0.17452,-0.10113,-0.0028,-0.10113
17867,-0.17646,-0.06599,-0.17452,-0.10113
17892,-0.05299,-0.11719,-0.17452,-0.10113
17915,-0.00896,-0.17517,-0.05299,-0.11719
17940,-0.22344,-0.03714,-0.05299,-0.11719
17964,-0.01881,-0.19886,-0.01881,-0.17517
17989,-0.1107,-0.09662,-0.1107,-0.09662
18013,-0.05959,-0.01216,-0.05959,-0.09662
18037,0.05108,-0.18006,-0.05959,-0.09662
18062,-0.04955,-0.11488,-0.04955,-0.11488
18085,-0.04235,-0.16107,-0.04235,-0.16107
18110,-0.16388,-0.07909,-0.04955,-0.11488
18134,-0.05047,-0.11024,-0.05047,-0.11024
18159,-0.0064,-0.20508,-0.05047,-0.11024
18183,-0.06008,-0.01832,-0.05047,-0.11024
18207,-0.01019,-0.18562,-0.01019,-0.18562
18232,-0.16705,-0.08531,-0.06008,-0.08531
18255,-0.05312,-0.0027,-0.05312,-0.08531
18280,-0.15814,-0.07988,-0.15814,-0.07988
18304,-0.25874,-0.02477,-0.15814,-0.02477
18329,-0.05299,-0.11719,-0.15814,-0.07988
18353,-0.04317,-0.05869,-0.05299,-0.05869
18377,-0.03181,-0.17497,-0.04317,-0.11719
18402,-0.18465,-0.09207,-0.04317,-0.09207
18426,-0.04637,-0.20548,-0.04637,-0.17497
18450,-0.08552,-0.12878,-0.08552,-0.12878
18474,-0.163,-0.07777,-0.08552,-0.12878
18499,-0.00781,-0.14479,-0.08552,-0.12878
18524,-0.02432,-0.16511,-0.02432,-0.14479
18547,-0.03751,-0.15724,-0.02432,-0.15724
18572,-0.06584,-0.10019,-0.03751,-0.15724
18596,-0.1644,-0.07929,-0.06584,-0.10019
18620,-0.054,-0.03493,-0.06584,-0.07929
18644,-0.01726,-0.17537,-0.054,-0.07929
18669,-0.12368,-0.04573,-0.054,-0.04573
18694,-0.11519,-0.06042,-0.11519,-0.06042
18717,-0.15338,-0.08703,-0.12368,-0.06042
18742,-0.069,0.00716,-0.11519,-0.06042
18766,-0.02996,-0.15929,-0.069,-0.08703
18790,-0.15924,-0.09127,-0.069,-0.09127
18814,-0.1287,-0.06558,-0.1287,-0.09127
18839,-0.01014,-0.16663,-0.1287,-0.09127
18864,0.00896,-0.15332,-0.01014,-0.15332
18887,-0.04571,-0.11739,-0.01014,-0.15332
18912,-0.00248,-0.1657,-0.00248,-0.15332
18936,-0.14044,-0.0681,-0.04571,-0.11739
18961,-0.01694,-0.16028,-0.01694,-0.16028
18984,-0.00569,-0.10415,-0.01694,-0.10415
19009,0.00399,-0.15624,-0.00569,-0.15624
19033,-0.14573,-0.0552,-0.00569,-0.10415
19058,-0.01428,-0.15425,-0.01428,-0.15425
19082,-0.00864,-0.16008,-0.01428,-0.15425
19106,-0.15137,-0.08028,-0.01428,-0.15425
19131,-0.05299,-0.11719,-0.05299,-0.11719
19154,-0.14844,-0.07816,-0.14844,-0.08028
19179,-0.05086,-0.05366,-0.05299,-0.07816
19203,-0.05047,-0.11024,-0.05086,-0.07816
19228,-0.12737,-0.10596,-0.05086,-0.10596
19252,-0.05391,-0.11256,-0.05391,-0.11024
19276,-0.04177,-0.08397,-0.05391,-0.10596
19301,-0.13254,-0.06307,-0.05391,-0.08397
19325,-0.02166,-0.15909,-0.04177,-0.08397
19349,-0.01734,-0.15544,-0.02166,-0.15544
19373,-0.06148,-0.1025,-0.02166,-0.15544
19398,-0.16238,-0.07254,-0.06148,-0.1025
19422,-0.02551,-0.12566,-0.06148,-0.1025
19446,-0.05299,-0.11719,-0.05299,-0.11719
19471,-0.17613,-0.08181,-0.05299,-0.11719
19495,0.00372,-0.15233,-0.05299,-0.11719
19519,-0.19171,-0.08181,-0.17613,-0.08181
19543,-0.1558,-0.08895,-0.1558,-0.08895
19568,-0.18645,-0.08876,-0.18645,-0.08876
19593,-0.01731,-0.1614,-0.1558,-0.08895
19616,-0.04663,-0.11276,-0.04663,-0.11276
19641,-0.04268,-0.11024,-0.04268,-0.11276
19665,-0.0333,-0.15657,-0.04268,-0.11276
19690,-0.04864,-0.11951,-0.04268,-0.11951
19713,-0.13248,-0.07703,-0.04864,-0.11951
19738,-0.0229,-0.16954,-0.04864,-0.11951
19763,-0.14057,-0.06717,-0.13248,-0.07703
19787,-0.02075,-0.16372,-0.0229,-0.16372
19811,-0.06251,-0.19172,-0.06251,-0.16372
19835,0.01137,-0.1514,-0.02075,-0.16372
19860,-0.17785,-0.09842,-0.06251,-0.1514
